Loss_clean_original,Loss_dirty_original
13.654195785522461,14.438887596130371
14.440905570983887,14.265106201171875
13.281957626342773,14.133123397827148
14.022075653076172,14.080240249633789
13.462163925170898,14.471388816833496
13.00781536102295,13.57735538482666
13.956563949584961,14.597732543945312
13.997577667236328,13.15255069732666
13.77864933013916,13.719985008239746
13.102823257446289,13.043195724487305
14.726092338562012,15.066046714782715
13.165872573852539,14.645008087158203
13.51911735534668,14.027795791625977
14.187520980834961,15.209614753723145
13.72592830657959,14.913527488708496
14.038605690002441,14.866058349609375
13.687894821166992,13.186424255371094
14.404261589050293,15.183560371398926
13.170320510864258,14.317222595214844
13.734472274780273,13.806230545043945
14.401124954223633,13.759653091430664
13.182920455932617,13.460874557495117
13.098270416259766,14.687746047973633
12.68110179901123,13.844828605651855
17.877683639526367,15.38455867767334
14.378877639770508,14.859458923339844
13.883517265319824,15.004019737243652
14.7748384475708,13.45496940612793
14.011451721191406,14.5015869140625
12.913481712341309,13.96487045288086
12.955850601196289,14.43195915222168
13.265533447265625,14.104633331298828
13.295455932617188,13.866100311279297
13.57707691192627,14.781538009643555
13.002745628356934,14.633434295654297
13.084270477294922,13.682814598083496
14.189743041992188,14.038257598876953
13.074957847595215,14.505881309509277
13.31704044342041,14.165678024291992
13.543346405029297,13.814720153808594
13.430337905883789,16.718656539916992
13.590874671936035,13.90227222442627
13.457717895507812,13.825091361999512
14.187417984008789,13.852537155151367
13.056754112243652,13.941555976867676
13.687771797180176,13.8956298828125
13.765669822692871,15.040162086486816
13.720804214477539,14.270172119140625
13.070199966430664,14.42451286315918
12.64374828338623,14.098933219909668
13.525113105773926,14.489422798156738
13.993635177612305,14.718673706054688
14.31374740600586,14.525851249694824
13.750921249389648,16.443584442138672
13.669709205627441,14.568568229675293
15.018799781799316,15.6305570602417
13.646106719970703,13.63914966583252
12.734909057617188,13.919872283935547
13.592077255249023,14.77581787109375
12.915566444396973,14.745911598205566
14.516841888427734,15.019091606140137
13.058024406433105,14.175548553466797
13.597859382629395,14.070318222045898
13.734356880187988,14.373796463012695
12.946615219116211,14.447142601013184
14.321645736694336,14.137458801269531
14.701943397521973,14.912487983703613
13.90517520904541,13.9036865234375
13.929610252380371,13.699172973632812
12.857352256774902,13.733100891113281
13.176384925842285,13.649625778198242
13.037640571594238,12.813720703125
13.396080017089844,15.372730255126953
13.392359733581543,14.575457572937012
13.67428207397461,14.344346046447754
13.767814636230469,14.61638355255127
14.68848705291748,13.232596397399902
14.223712921142578,13.169927597045898
13.394018173217773,14.26433277130127
13.380403518676758,13.407289505004883
14.605093955993652,15.127869606018066
13.476642608642578,15.033641815185547
13.563008308410645,14.473278045654297
13.940256118774414,13.215365409851074
14.467541694641113,14.654478073120117
14.208231925964355,14.07362174987793
13.57562255859375,13.817794799804688
15.199798583984375,14.629549980163574
13.619902610778809,13.730587005615234
13.515419006347656,14.360323905944824
12.931440353393555,14.315884590148926
13.952268600463867,14.594388008117676
14.453154563903809,14.181286811828613
13.294390678405762,13.837936401367188
13.085333824157715,13.756004333496094
14.162640571594238,15.342256546020508
13.644621849060059,14.123844146728516
13.491560935974121,13.969816207885742
13.276357650756836,13.718952178955078
13.82693099975586,14.121626853942871
14.408003807067871,13.638937950134277
14.203213691711426,13.467824935913086
13.594733238220215,14.03070068359375
13.148698806762695,13.60207748413086
14.588813781738281,14.377553939819336
14.740135192871094,14.268539428710938
13.07048225402832,14.225029945373535
13.67099380493164,14.47500228881836
13.196205139160156,13.185778617858887
17.502073287963867,13.47264289855957
15.153078079223633,14.800179481506348
14.068114280700684,15.13300609588623
12.89886474609375,14.286202430725098
13.589637756347656,13.709616661071777
13.16894817352295,13.650345802307129
13.715003967285156,14.715628623962402
14.26516342163086,13.8558931350708
14.149067878723145,14.248814582824707
14.564885139465332,15.326171875
14.744829177856445,14.465721130371094
13.6011323928833,13.438159942626953
13.286636352539062,13.447930335998535
13.670933723449707,14.443487167358398
13.57583999633789,13.484237670898438
15.365339279174805,15.43278694152832
13.568185806274414,14.800936698913574
14.297883987426758,15.230804443359375
14.307908058166504,12.971254348754883
13.083761215209961,13.761954307556152
13.259358406066895,15.690752983093262
12.982699394226074,14.042387008666992
14.31016731262207,14.068506240844727
16.475862503051758,13.315816879272461
13.819999694824219,14.264514923095703
14.234150886535645,13.388742446899414
13.223280906677246,14.553277015686035
12.910857200622559,14.935367584228516
14.761943817138672,16.050235748291016
13.80813217163086,14.560922622680664
13.946598052978516,13.957046508789062
13.194123268127441,15.0353364944458
13.346463203430176,14.400918006896973
13.71159839630127,14.436641693115234
14.207489013671875,14.951034545898438
13.16671371459961,15.56367301940918
13.242851257324219,15.424857139587402
13.30813980102539,13.411153793334961
16.31126594543457,14.117803573608398
13.12658977508545,14.541840553283691
12.802389144897461,13.568330764770508
14.150867462158203,13.79656982421875
14.256247520446777,14.741087913513184
15.767070770263672,15.122885704040527
13.222601890563965,14.417171478271484
12.8936128616333,14.893449783325195
14.166946411132812,14.120881080627441
15.112021446228027,15.219096183776855
13.103214263916016,16.711944580078125
13.9596586227417,13.755534172058105
14.558685302734375,15.002274513244629
16.034748077392578,14.73873519897461
14.271273612976074,14.260100364685059
14.707776069641113,14.321548461914062
15.874673843383789,15.148077964782715
15.3384370803833,13.90896224975586
14.517663955688477,13.452447891235352
14.824329376220703,13.846761703491211
12.60403060913086,13.953408241271973
13.1358642578125,14.562606811523438
13.233179092407227,14.783841133117676
13.959582328796387,15.053491592407227
14.113922119140625,13.52927017211914
18.089387893676758,14.64023494720459
13.38581371307373,13.532710075378418
14.43421745300293,14.523621559143066
13.76255989074707,14.840378761291504
13.199973106384277,14.139784812927246
14.732177734375,13.369851112365723
13.135104179382324,14.238225936889648
13.396660804748535,14.893180847167969
13.703303337097168,14.197070121765137
14.397578239440918,14.735285758972168
13.842637062072754,15.476422309875488
13.231649398803711,15.089757919311523
13.629383087158203,13.596220016479492
14.028972625732422,16.10259246826172
12.656462669372559,13.805883407592773
13.275552749633789,13.803030014038086
13.763792991638184,13.285405158996582
13.691108703613281,14.831677436828613
13.133501052856445,14.11524486541748
13.232850074768066,13.861505508422852
13.344687461853027,14.252950668334961
14.292011260986328,14.628384590148926
13.418400764465332,13.069129943847656
16.304759979248047,13.024055480957031
13.358266830444336,14.880146980285645
12.601263999938965,14.642790794372559
14.53181266784668,14.390397071838379
13.404573440551758,13.415125846862793
13.623501777648926,15.153396606445312
13.428014755249023,15.455085754394531
13.745125770568848,14.809800148010254
13.893653869628906,14.660261154174805
14.372700691223145,14.387950897216797
14.630701065063477,13.229310989379883
13.585987091064453,14.542696952819824
13.300539016723633,14.92077922821045
14.321206092834473,14.045275688171387
13.629314422607422,13.338296890258789
13.762624740600586,14.212230682373047
13.629502296447754,14.80994701385498
13.983041763305664,13.28193473815918
13.214326858520508,14.675591468811035
14.288037300109863,15.123960494995117
13.782751083374023,14.722639083862305
14.238080978393555,13.683210372924805
14.458212852478027,14.210593223571777
13.10401725769043,13.118354797363281
13.241950035095215,14.49349308013916
14.06722354888916,15.113179206848145
13.693561553955078,13.94417953491211
14.447412490844727,13.178136825561523
13.783960342407227,14.43148136138916
13.51264476776123,13.840221405029297
14.103865623474121,14.174750328063965
14.116328239440918,14.419320106506348
13.925479888916016,14.44404411315918
12.822778701782227,13.117544174194336
14.987163543701172,15.312524795532227
13.442204475402832,14.744430541992188
14.29372787475586,14.760923385620117
14.189399719238281,13.945683479309082
14.08570384979248,14.301138877868652
12.999676704406738,14.393596649169922
13.629002571105957,14.432223320007324
13.455947875976562,15.342485427856445
14.628600120544434,15.295116424560547
13.312202453613281,14.944204330444336
14.010379791259766,13.594106674194336
13.279642105102539,13.054543495178223
14.16423225402832,13.73614501953125
14.11568546295166,14.389458656311035
13.747568130493164,13.576861381530762
14.763418197631836,14.38683795928955
13.311624526977539,15.77984619140625
14.549344062805176,13.605785369873047
13.427892684936523,14.38986873626709
12.98851203918457,13.929275512695312
14.626486778259277,14.998309135437012
14.163719177246094,13.979907035827637
14.257006645202637,15.451050758361816
13.225409507751465,13.112298965454102
14.576664924621582,14.345993041992188
13.23546028137207,13.770415306091309
13.946903228759766,14.431256294250488
13.479791641235352,14.039743423461914
13.814678192138672,13.553993225097656
13.09578800201416,14.136800765991211
14.725129127502441,14.35344409942627
13.83083438873291,14.865080833435059
13.534281730651855,14.179301261901855
14.461160659790039,13.361472129821777
13.530330657958984,14.967304229736328
13.468122482299805,14.096266746520996
14.121847152709961,14.703413009643555
13.821657180786133,14.963332176208496
13.008620262145996,14.3502779006958
13.399271965026855,14.31091594696045
13.27785587310791,14.830204963684082
14.151636123657227,15.640438079833984
13.746437072753906,14.869175910949707
13.15764331817627,13.959247589111328
14.16351318359375,15.016200065612793
12.846991539001465,13.696134567260742
13.058866500854492,13.641711235046387
17.423324584960938,15.5982666015625
14.282022476196289,13.673564910888672
12.620560646057129,14.865249633789062
13.926294326782227,13.947062492370605
17.712610244750977,14.715386390686035
15.129820823669434,13.537447929382324
13.265046119689941,14.599045753479004
15.863555908203125,13.772226333618164
14.189058303833008,14.287424087524414
13.834925651550293,15.280984878540039
13.281631469726562,14.786341667175293
12.66490650177002,14.922325134277344
14.033159255981445,14.942936897277832
13.351814270019531,14.71658706665039
13.262039184570312,14.441595077514648
14.724762916564941,16.926267623901367
14.236114501953125,14.825289726257324
13.429795265197754,14.083667755126953
13.603865623474121,14.160673141479492
14.078278541564941,14.582237243652344
13.47203540802002,13.09884262084961
14.330498695373535,14.433609008789062
13.708773612976074,13.882857322692871
14.169179916381836,13.605852127075195
13.787005424499512,14.545031547546387
14.850362777709961,14.495577812194824
13.947111129760742,14.965373992919922
13.65888786315918,14.566204071044922
13.242751121520996,14.586931228637695
13.919929504394531,13.623763084411621
15.011212348937988,14.530402183532715
12.918573379516602,13.370903968811035
13.785099029541016,14.760986328125
13.648065567016602,13.66748046875
13.238637924194336,14.785781860351562
13.5390625,13.449849128723145
13.013703346252441,14.85334300994873
13.193551063537598,13.85722541809082
13.35055923461914,13.248090744018555
14.280847549438477,14.296058654785156
13.816032409667969,15.06103229522705
13.772603988647461,14.381385803222656
13.866236686706543,14.877823829650879
13.157448768615723,14.1082124710083
13.8466796875,13.641173362731934
13.555864334106445,14.921853065490723
13.819856643676758,14.225911140441895
14.666916847229004,13.61075496673584
13.797914505004883,14.987677574157715
13.580599784851074,15.43612289428711
14.14739990234375,13.809551239013672
14.617198944091797,14.3233003616333
13.617297172546387,14.773078918457031
13.828285217285156,14.446218490600586
13.47339153289795,14.540210723876953
13.936198234558105,14.537516593933105
13.498888969421387,13.3085355758667
13.467204093933105,14.091752052307129
13.978731155395508,14.791926383972168
14.443248748779297,14.599925994873047
13.532209396362305,15.516989707946777
14.946757316589355,14.255880355834961
14.319424629211426,15.25930118560791
14.005194664001465,14.684151649475098
12.71949291229248,15.600794792175293
13.426475524902344,14.207066535949707
13.891319274902344,13.79073429107666
13.72244930267334,13.985695838928223
13.90703010559082,15.185766220092773
13.472447395324707,15.247880935668945
13.529026985168457,13.192004203796387
13.228009223937988,14.157811164855957
13.280601501464844,14.610515594482422
13.523825645446777,13.894441604614258
13.5323486328125,16.31941795349121
14.145099639892578,14.687112808227539
13.94408893585205,15.890976905822754
13.167672157287598,14.528841018676758
13.94603443145752,12.909711837768555
13.816056251525879,14.478296279907227
13.315553665161133,13.864274978637695
15.707873344421387,15.447006225585938
13.91291618347168,13.30181884765625
14.48392391204834,14.679618835449219
14.237298011779785,14.691770553588867
13.444305419921875,14.7749662399292
13.528515815734863,14.701250076293945
15.623538970947266,14.966712951660156
13.394530296325684,14.550902366638184
12.942069053649902,15.171422004699707
13.364340782165527,13.921977996826172
13.195782661437988,13.645276069641113
13.327957153320312,14.999971389770508
14.096431732177734,14.25971794128418
13.611522674560547,13.960309982299805
12.764582633972168,14.079745292663574
14.028243064880371,14.245491027832031
14.087437629699707,15.351059913635254
13.028620719909668,14.092095375061035
13.60173511505127,14.28056812286377
14.009860038757324,14.344915390014648
14.30996322631836,14.293286323547363
13.726350784301758,15.524266242980957
14.159828186035156,13.32441234588623
13.760300636291504,14.209494590759277
13.16195011138916,14.442471504211426
14.101274490356445,14.063492774963379
13.009267807006836,14.42768669128418
14.06946849822998,14.44790267944336
13.4532470703125,13.644232749938965
14.687911987304688,14.46269416809082
14.648484230041504,13.946768760681152
12.636237144470215,15.400083541870117
13.267491340637207,14.211933135986328
12.597089767456055,14.588335990905762
13.326215744018555,14.260929107666016
13.809615135192871,14.752574920654297
12.8706693649292,16.490554809570312
13.232278823852539,13.579099655151367
14.46426010131836,14.12534236907959
14.001344680786133,12.820111274719238
12.889463424682617,14.991453170776367
13.252023696899414,13.735509872436523
13.564313888549805,14.035426139831543
13.648015975952148,13.55540657043457
12.998154640197754,15.303167343139648
14.387789726257324,13.854543685913086
13.700433731079102,13.52900505065918
13.263103485107422,13.952629089355469
14.824583053588867,15.149482727050781
13.112724304199219,14.3226957321167
14.408849716186523,14.984495162963867
14.666107177734375,14.304280281066895
13.946807861328125,14.077953338623047
13.494354248046875,14.048102378845215
13.760089874267578,14.382126808166504
13.237844467163086,14.427874565124512
13.588071823120117,13.579781532287598
13.5118989944458,13.810606956481934
13.175016403198242,14.574214935302734
13.676308631896973,15.259001731872559
14.717529296875,14.872367858886719
12.768738746643066,13.359864234924316
13.301996231079102,13.357728958129883
13.329646110534668,14.952719688415527
13.435977935791016,14.102550506591797
15.507416725158691,14.46794319152832
14.2342529296875,15.024009704589844
13.058634757995605,13.251949310302734
14.727596282958984,14.462545394897461
14.830201148986816,13.891112327575684
14.037278175354004,14.857656478881836
13.946367263793945,14.339276313781738
13.392769813537598,14.17805290222168
13.785240173339844,14.583333969116211
13.447162628173828,14.141493797302246
12.976330757141113,15.017568588256836
13.469179153442383,14.223137855529785
13.446737289428711,14.121248245239258
13.9357328414917,13.806492805480957
13.369108200073242,14.913504600524902
13.676553726196289,14.154806137084961
14.310442924499512,14.733402252197266
13.523208618164062,14.687744140625
14.049971580505371,13.976184844970703
13.94647216796875,14.080156326293945
13.25070571899414,13.762101173400879
13.332192420959473,15.069658279418945
13.211527824401855,14.456403732299805
13.198742866516113,14.218708038330078
14.162785530090332,14.373308181762695
13.908671379089355,14.068404197692871
12.61839485168457,15.554434776306152
13.585592269897461,14.92900562286377
13.14133358001709,15.680439949035645
14.243069648742676,14.732114791870117
13.567956924438477,14.566235542297363
14.495966911315918,14.435187339782715
14.511646270751953,14.007423400878906
13.554301261901855,14.261414527893066
13.310774803161621,14.30281925201416
13.514252662658691,13.96040153503418
14.1323881149292,14.084834098815918
13.426769256591797,14.782470703125
13.727629661560059,16.954328536987305
12.732351303100586,16.431381225585938
14.039246559143066,13.57387638092041
13.650134086608887,13.600696563720703
13.651405334472656,14.988762855529785
13.679204940795898,13.588773727416992
13.414648056030273,14.867109298706055
12.81544017791748,14.663537979125977
14.432809829711914,15.028498649597168
13.511405944824219,14.107596397399902
13.933690071105957,14.84521770477295
13.369970321655273,15.043121337890625
13.616589546203613,13.929471969604492
13.385382652282715,14.715042114257812
12.815873146057129,14.642461776733398
13.252381324768066,15.316156387329102
13.765983581542969,14.313441276550293
13.324056625366211,14.97073745727539
13.5958890914917,14.231202125549316
12.792471885681152,14.112229347229004
14.512983322143555,14.176647186279297
13.876795768737793,14.217842102050781
13.737837791442871,15.031149864196777
14.594464302062988,14.345657348632812
13.329894065856934,13.40872573852539
13.250701904296875,13.77011489868164
12.938141822814941,14.490129470825195
13.835485458374023,14.690817832946777
14.406453132629395,14.372279167175293
13.319097518920898,14.536412239074707
14.306872367858887,14.072476387023926
12.562381744384766,14.138856887817383
12.898244857788086,14.67235279083252
13.985014915466309,14.803377151489258
15.650238990783691,14.734235763549805
14.26792049407959,14.44939136505127
12.763324737548828,14.319825172424316
12.823129653930664,12.749876976013184
12.994560241699219,14.91152572631836
13.574651718139648,14.491724967956543
13.851583480834961,14.52347469329834
13.5236234664917,14.706584930419922
14.075798034667969,14.007511138916016
13.246973991394043,14.099409103393555
13.550041198730469,14.964740753173828
14.611125946044922,14.306891441345215
13.066007614135742,14.040406227111816
13.084303855895996,13.972681999206543
13.029387474060059,14.75802993774414
13.172839164733887,14.311689376831055
13.011656761169434,14.334616661071777
13.541906356811523,14.68737506866455
13.624987602233887,13.722472190856934
14.152887344360352,14.901825904846191
13.653788566589355,13.4607572555542
13.420270919799805,14.852630615234375
13.772400856018066,14.613815307617188
13.546198844909668,14.043291091918945
14.101696014404297,13.560782432556152
14.038121223449707,13.958840370178223
13.789104461669922,15.139244079589844
14.059408187866211,14.336091995239258
13.696770668029785,14.738178253173828
12.671669960021973,15.131755828857422
13.896705627441406,14.499070167541504
14.140016555786133,14.258474349975586
13.692450523376465,13.7281494140625
12.907430648803711,14.92507266998291
14.915756225585938,12.904269218444824
13.613373756408691,14.185083389282227
14.85588550567627,14.806275367736816
13.154441833496094,14.923269271850586
13.719977378845215,13.956120491027832
13.005644798278809,13.596620559692383
13.567319869995117,15.100157737731934
13.013542175292969,13.214768409729004
14.376806259155273,13.415403366088867
14.09440803527832,13.783595085144043
13.259828567504883,13.631159782409668
13.328287124633789,14.085500717163086
13.693099975585938,13.726980209350586
12.919746398925781,14.862757682800293
13.788569450378418,14.741620063781738
13.98380184173584,13.763143539428711
14.459173202514648,15.133698463439941
13.005962371826172,16.47907066345215
13.915667533874512,14.81672477722168
13.261150360107422,13.672367095947266
15.280532836914062,13.912210464477539
13.488907814025879,14.041865348815918
12.902823448181152,14.786295890808105
14.233819961547852,13.915836334228516
16.080547332763672,14.712867736816406
13.111434936523438,14.60946273803711
13.846553802490234,14.442612648010254
13.63497543334961,14.116973876953125
12.82223892211914,13.795866012573242
13.170256614685059,14.659643173217773
13.60914134979248,14.078810691833496
13.97812557220459,14.341768264770508
14.272162437438965,14.296746253967285
13.663068771362305,15.262246131896973
13.806559562683105,14.325024604797363
13.120485305786133,14.33198356628418
14.25452709197998,13.812972068786621
12.912249565124512,13.857393264770508
13.342672348022461,14.766239166259766
13.393607139587402,14.50362777709961
13.341728210449219,14.176647186279297
13.263471603393555,13.90114974975586
13.517724990844727,13.764816284179688
13.82290267944336,13.333721160888672
14.225146293640137,14.208226203918457
12.586366653442383,13.441248893737793
15.632707595825195,14.78404712677002
13.609429359436035,14.247125625610352
13.790675163269043,14.656603813171387
14.113569259643555,14.376751899719238
13.89354419708252,14.942996978759766
14.509757995605469,13.985237121582031
14.001843452453613,14.243012428283691
14.868724822998047,13.602654457092285
13.541180610656738,13.741120338439941
13.276732444763184,14.08265495300293
13.01640796661377,14.042983055114746
14.51320743560791,13.937100410461426
13.965605735778809,14.197087287902832
13.293647766113281,15.574057579040527
12.696966171264648,13.907411575317383
14.926900863647461,13.982932090759277
14.41048526763916,12.997576713562012
13.469642639160156,14.681366920471191
14.261682510375977,13.902422904968262
13.37672233581543,14.028816223144531
13.356770515441895,14.494446754455566
12.784167289733887,13.825370788574219
13.346379280090332,14.415836334228516
14.502975463867188,14.665699005126953
13.117748260498047,14.944208145141602
13.504033088684082,14.765789031982422
13.15764045715332,13.761150360107422
12.957779884338379,14.14310359954834
14.092609405517578,15.038068771362305
13.574488639831543,14.626174926757812
13.251235961914062,14.253376960754395
17.14173126220703,15.551858901977539
14.041219711303711,15.31226634979248
13.701719284057617,14.224336624145508
13.790384292602539,15.205629348754883
13.26009750366211,14.403619766235352
13.64564037322998,14.36398696899414
14.263401985168457,13.779298782348633
13.728838920593262,13.780874252319336
12.375669479370117,14.727087020874023
12.954869270324707,13.903437614440918
13.2456636428833,13.891010284423828
13.233319282531738,14.164789199829102
14.489871978759766,14.845921516418457
12.884100914001465,13.768033027648926
13.11916446685791,14.510726928710938
14.606212615966797,14.7178373336792
12.80248737335205,14.424113273620605
13.622798919677734,14.355494499206543
13.124468803405762,14.595980644226074
14.273176193237305,14.582435607910156
13.059499740600586,13.175793647766113
14.009122848510742,14.987014770507812
13.240656852722168,12.741719245910645
14.065990447998047,14.563507080078125
13.082942962646484,13.606851577758789
14.224767684936523,14.223679542541504
13.96042251586914,14.870525360107422
13.44705867767334,14.152119636535645
13.376693725585938,15.092020988464355
14.509970664978027,14.778788566589355
13.162845611572266,14.149819374084473
13.144621849060059,13.967034339904785
14.115280151367188,15.170689582824707
13.565515518188477,14.279637336730957
13.583159446716309,14.77892017364502
14.036022186279297,13.438253402709961
13.34298038482666,14.516517639160156
13.564133644104004,13.487095832824707
13.066849708557129,14.56680965423584
13.87773323059082,14.682855606079102
14.426846504211426,14.246214866638184
14.576727867126465,13.83383846282959
13.803281784057617,13.191954612731934
13.699708938598633,15.936009407043457
13.962992668151855,14.007455825805664
12.762453079223633,14.249176025390625
12.85835075378418,14.529349327087402
13.155440330505371,14.331793785095215
14.497398376464844,14.902709007263184
13.729835510253906,13.335022926330566
13.877059936523438,14.302661895751953
13.35821533203125,16.670516967773438
13.476337432861328,13.241909980773926
13.480097770690918,15.887642860412598
12.582874298095703,13.878087997436523
13.684707641601562,14.691301345825195
13.535994529724121,13.950740814208984
13.410127639770508,14.20019245147705
13.337861061096191,14.93112564086914
13.133398056030273,14.103432655334473
13.810275077819824,14.240775108337402
14.867661476135254,14.540241241455078
12.945964813232422,14.994821548461914
13.282866477966309,14.334827423095703
13.655099868774414,14.55373477935791
13.776848793029785,14.30439567565918
15.484108924865723,13.988922119140625
13.69668197631836,14.490416526794434
13.19005012512207,13.261065483093262
13.43681812286377,14.705931663513184
13.659506797790527,13.70251178741455
14.526347160339355,14.335392951965332
13.294389724731445,14.652116775512695
13.513641357421875,14.918463706970215
13.514219284057617,14.155147552490234
13.625595092773438,13.633156776428223
14.699613571166992,13.647584915161133
12.445032119750977,13.905722618103027
13.52605152130127,14.029598236083984
17.985992431640625,16.116207122802734
13.274821281433105,14.830714225769043
14.270376205444336,14.331582069396973
13.403097152709961,14.189864158630371
13.129150390625,15.071321487426758
13.507118225097656,13.896159172058105
12.870887756347656,14.88495922088623
13.847396850585938,13.874876022338867
13.171987533569336,13.329679489135742
14.273112297058105,13.332615852355957
13.613606452941895,14.172727584838867
12.522788047790527,13.601665496826172
12.922755241394043,14.262703895568848
13.964956283569336,14.200520515441895
13.580949783325195,13.848281860351562
13.426158905029297,15.18689250946045
13.229558944702148,14.72716999053955
13.432488441467285,13.307129859924316
13.23660659790039,14.554290771484375
12.931803703308105,12.905309677124023
13.4851655960083,13.829057693481445
13.57283878326416,15.595405578613281
13.108515739440918,14.026165008544922
14.442521095275879,15.079096794128418
14.379571914672852,15.138381958007812
14.013477325439453,14.380989074707031
12.527596473693848,13.323311805725098
13.012758255004883,14.343321800231934
13.646470069885254,13.763427734375
13.959474563598633,14.237101554870605
13.986330032348633,14.257987022399902
14.182380676269531,14.59145736694336
13.137463569641113,13.696739196777344
14.864343643188477,14.373208045959473
13.493390083312988,13.449726104736328
12.941012382507324,14.287376403808594
13.558634757995605,14.907292366027832
13.762788772583008,13.994473457336426
13.528592109680176,14.094696044921875
15.531294822692871,15.038220405578613
12.788446426391602,14.075798034667969
12.877577781677246,13.451325416564941
13.154569625854492,14.326719284057617
13.310227394104004,14.39841365814209
13.191228866577148,15.18826961517334
13.875228881835938,15.205963134765625
14.193556785583496,13.689897537231445
13.043949127197266,14.517919540405273
12.580192565917969,14.626398086547852
14.145408630371094,14.878623962402344
13.700361251831055,14.78032398223877
13.235749244689941,13.439729690551758
13.081949234008789,13.488508224487305
13.93257999420166,14.253283500671387
13.373377799987793,13.959920883178711
13.2185697555542,14.318018913269043
12.714871406555176,14.767581939697266
15.072339057922363,14.443546295166016
13.417989730834961,14.178913116455078
14.25612735748291,14.179771423339844
13.035093307495117,14.25779914855957
14.029837608337402,14.545014381408691
13.762333869934082,14.50619125366211
13.298069953918457,13.949302673339844
13.224150657653809,13.946478843688965
13.305593490600586,13.790495872497559
13.71593952178955,13.624606132507324
13.581218719482422,14.728143692016602
13.243789672851562,14.467011451721191
14.32083511352539,13.88443374633789
13.91604232788086,13.92483139038086
13.928699493408203,14.294212341308594
12.768898963928223,14.472395896911621
13.122004508972168,13.943171501159668
14.694540023803711,15.569138526916504
15.665486335754395,14.245551109313965
13.07492446899414,14.21788501739502
12.68454647064209,13.627152442932129
13.06646728515625,13.623311042785645
14.789291381835938,14.858698844909668
13.303385734558105,13.889559745788574
13.692912101745605,13.829011917114258
14.604757308959961,14.629183769226074
13.39950942993164,15.112175941467285
13.223775863647461,14.815740585327148
13.64748477935791,13.529579162597656
13.43188190460205,14.517820358276367
13.442422866821289,18.250934600830078
13.101007461547852,14.934667587280273
13.397637367248535,14.027765274047852
13.01955795288086,14.26555347442627
13.649064064025879,13.88289737701416
14.147849082946777,14.881776809692383
12.932188987731934,14.736409187316895
13.090930938720703,15.426993370056152
13.676323890686035,14.207992553710938
13.387115478515625,13.861737251281738
14.491544723510742,15.349973678588867
14.253401756286621,13.465827941894531
13.629764556884766,13.763248443603516
13.316417694091797,14.50358772277832
13.485994338989258,14.531657218933105
13.592440605163574,13.1070556640625
13.086180686950684,14.683199882507324
14.15380859375,13.779195785522461
13.71505355834961,13.285650253295898
13.753473281860352,13.56879997253418
14.090744018554688,14.639925956726074
13.280187606811523,14.511534690856934
14.31298828125,14.698709487915039
13.576553344726562,15.069398880004883
13.759241104125977,14.294987678527832
13.670586585998535,14.680272102355957
14.457433700561523,12.47923469543457
14.094670295715332,14.85573959350586
13.649001121520996,14.34791374206543
13.785917282104492,13.793925285339355
14.392884254455566,14.839301109313965
15.304319381713867,13.703291893005371
14.664678573608398,13.485297203063965
13.826839447021484,14.766100883483887
14.577007293701172,15.035508155822754
14.332810401916504,14.149063110351562
14.433012008666992,14.59386157989502
14.762062072753906,14.926380157470703
14.612602233886719,14.726838111877441
14.219095230102539,14.957513809204102
14.550646781921387,13.480339050292969
15.160881996154785,15.610431671142578
13.13076400756836,13.739622116088867
13.162909507751465,14.10709285736084
14.272110939025879,15.103952407836914
14.606450080871582,14.808337211608887
14.375499725341797,14.514337539672852
13.678293228149414,13.838114738464355
13.624787330627441,16.451805114746094
13.869569778442383,14.011665344238281
13.548712730407715,14.165833473205566
13.365041732788086,14.305188179016113
12.379110336303711,14.192158699035645
14.163776397705078,14.3186674118042
14.061711311340332,13.696788787841797
13.236993789672852,14.09450912475586
13.521769523620605,14.113773345947266
13.708708763122559,14.780793190002441
14.103673934936523,14.665276527404785
14.526373863220215,14.304571151733398
13.796290397644043,13.623477935791016
13.631194114685059,15.301015853881836
13.513283729553223,13.629155158996582
13.49876594543457,15.038628578186035
16.150114059448242,13.887234687805176
13.25485610961914,14.734696388244629
13.71957778930664,14.712940216064453
14.537564277648926,14.395157814025879
13.32042121887207,14.397791862487793
13.38552474975586,14.641433715820312
13.73936939239502,13.726602554321289
14.512118339538574,16.32770538330078
15.201860427856445,13.99072551727295
13.75623893737793,13.977779388427734
13.697877883911133,14.219693183898926
14.02319622039795,12.387307167053223
13.533370971679688,14.681964874267578
13.49017333984375,17.267385482788086
14.634604454040527,15.47431755065918
13.987495422363281,14.291229248046875
13.988151550292969,13.823253631591797
13.299643516540527,14.583128929138184
13.38506031036377,13.59530258178711
12.789887428283691,13.377079963684082
13.501434326171875,13.989953994750977
12.560169219970703,15.547490119934082
13.618758201599121,13.76810073852539
14.089790344238281,14.178825378417969
13.359747886657715,14.701546669006348
14.848172187805176,14.905263900756836
13.548640251159668,14.58812427520752
12.938423156738281,14.507606506347656
13.470799446105957,14.425865173339844
13.499403953552246,14.866369247436523
15.447013854980469,13.67230224609375
13.775558471679688,13.850476264953613
13.52705192565918,13.644156455993652
15.29947566986084,14.295867919921875
13.48823356628418,16.348281860351562
12.886487007141113,13.950645446777344
14.47380542755127,13.992642402648926
14.12233829498291,14.510675430297852
14.187765121459961,14.470711708068848
13.470314025878906,14.453909873962402
13.380836486816406,14.572457313537598
13.769052505493164,14.728506088256836
12.962499618530273,14.83167552947998
13.874600410461426,14.865487098693848
15.768598556518555,14.042434692382812
13.5338716506958,14.829771041870117
14.333817481994629,13.490896224975586
14.684562683105469,13.912336349487305
14.256500244140625,14.417160987854004
13.196431159973145,14.163650512695312
13.736390113830566,15.354988098144531
12.969047546386719,15.099359512329102
13.283365249633789,14.0001220703125
13.018265724182129,14.409339904785156
13.414898872375488,14.528875350952148
14.12023639678955,14.262431144714355
14.822278022766113,14.298869132995605
13.785501480102539,14.149774551391602
13.584022521972656,14.914225578308105
13.599925994873047,14.685079574584961
12.867242813110352,13.740429878234863
14.244513511657715,13.040719985961914
14.008061408996582,14.575616836547852
13.99423599243164,13.625496864318848
13.336759567260742,15.11889362335205
14.316681861877441,14.365872383117676
13.890262603759766,13.397488594055176
14.49343204498291,14.49766731262207
13.208402633666992,14.949045181274414
13.746524810791016,14.872355461120605
12.84498119354248,13.991852760314941
14.237863540649414,14.373719215393066
13.767385482788086,13.48681354522705
15.11523723602295,13.884367942810059
13.470091819763184,14.560641288757324
13.522001266479492,13.98438835144043
12.867914199829102,13.74057674407959
12.998919486999512,15.182050704956055
13.559823989868164,14.612107276916504
15.64309024810791,13.811206817626953
13.384783744812012,15.195234298706055
13.12731647491455,17.230510711669922
14.830832481384277,15.012214660644531
13.862457275390625,13.083393096923828
13.397758483886719,14.289762496948242
14.543773651123047,15.826231956481934
13.317487716674805,15.689990043640137
13.296515464782715,12.274971961975098
13.203503608703613,13.769392013549805
13.3143892288208,12.996935844421387
13.529939651489258,13.949248313903809
14.606710433959961,13.27119255065918
14.148223876953125,13.862675666809082
13.581415176391602,15.058267593383789
14.572183609008789,14.885285377502441
13.845827102661133,15.224990844726562
14.406899452209473,14.307575225830078
13.104615211486816,15.119608879089355
14.109492301940918,15.269756317138672
13.230870246887207,14.935088157653809
14.178537368774414,15.426413536071777
13.444303512573242,14.33601188659668
13.599184036254883,14.254765510559082
13.931828498840332,13.44107437133789
14.616860389709473,13.882000923156738
14.32413387298584,14.216379165649414
14.41501235961914,13.983074188232422
14.049074172973633,14.094815254211426
13.52493953704834,15.002522468566895
13.354424476623535,14.360103607177734
14.198465347290039,14.578751564025879
13.518274307250977,15.692315101623535
13.040708541870117,14.277573585510254
12.819334030151367,14.028898239135742
13.855108261108398,14.425091743469238
13.279874801635742,13.693967819213867
13.190723419189453,14.024311065673828
13.449933052062988,14.943181991577148
13.364967346191406,13.51012897491455
14.276390075683594,14.543548583984375
13.268321990966797,14.276966094970703
12.718929290771484,14.025716781616211
13.674345970153809,13.804452896118164
14.260575294494629,12.901704788208008
14.442381858825684,13.75481128692627
13.470519065856934,14.03233528137207
13.37735366821289,14.314155578613281
14.087165832519531,13.901095390319824
13.2903413772583,14.097024917602539
13.819594383239746,15.249670028686523
13.667863845825195,13.398539543151855
12.89820671081543,13.647098541259766
12.896018981933594,15.029684066772461
13.164429664611816,14.172334671020508
13.6967191696167,14.967168807983398
13.560604095458984,13.563633918762207
13.625162124633789,14.05820083618164
14.192020416259766,13.674424171447754
13.178446769714355,14.480935096740723
13.472851753234863,13.977729797363281
12.928955078125,13.858027458190918
13.477921485900879,14.255154609680176
14.214149475097656,13.661794662475586
13.353336334228516,14.920352935791016
13.36790943145752,15.041316032409668
13.748638153076172,13.6963529586792
13.700322151184082,13.697286605834961
14.670754432678223,14.3206148147583
13.423868179321289,14.757647514343262
13.20947551727295,14.086592674255371
15.19549560546875,14.2061185836792
12.988319396972656,15.435068130493164
14.2880220413208,14.539047241210938
13.876822471618652,14.367266654968262
12.405354499816895,14.169280052185059
14.197620391845703,14.056075096130371
12.780385971069336,15.020078659057617
13.157707214355469,14.500926971435547
14.547755241394043,14.999198913574219
13.465554237365723,13.842080116271973
13.911628723144531,13.670891761779785
13.919756889343262,14.22455883026123
14.361915588378906,13.97266674041748
13.995195388793945,13.462626457214355
14.426485061645508,14.651704788208008
13.60647964477539,15.004520416259766
12.697659492492676,15.046759605407715
14.213863372802734,13.970776557922363
14.195409774780273,13.262221336364746
13.259593963623047,14.17126750946045
14.047990798950195,14.202533721923828
12.962854385375977,14.579072952270508
13.47692584991455,14.4902982711792
13.390742301940918,15.099570274353027
13.931614875793457,15.508100509643555
18.115859985351562,15.382172584533691
14.374176979064941,14.809096336364746
13.717124938964844,13.933958053588867
14.50218391418457,14.015883445739746
14.001381874084473,14.90108585357666
13.262260437011719,14.781225204467773
13.032368659973145,14.864585876464844
13.11568546295166,14.15518856048584
15.157811164855957,13.536057472229004
14.229019165039062,14.159043312072754
14.432730674743652,14.839859008789062
13.127449989318848,14.401239395141602
13.54929256439209,12.914593696594238
13.377022743225098,13.949962615966797
14.133634567260742,14.123263359069824
12.57713794708252,13.89844036102295
12.8760986328125,14.335147857666016
13.887922286987305,14.142621040344238
13.506044387817383,14.522936820983887
13.660654067993164,14.045191764831543
14.185903549194336,15.704376220703125
13.501667022705078,14.621000289916992
12.713743209838867,13.955132484436035
13.34256649017334,14.82203197479248
14.372730255126953,15.121646881103516
12.855290412902832,14.129227638244629
13.478968620300293,14.197206497192383
13.192632675170898,14.84106731414795
14.333464622497559,14.820474624633789
13.028498649597168,14.39321231842041
13.379712104797363,14.178201675415039
13.290124893188477,13.418092727661133
13.962723731994629,14.64380168914795
13.324898719787598,15.190679550170898
12.810773849487305,15.098858833312988
13.871196746826172,14.022964477539062
13.358598709106445,14.601497650146484
13.928674697875977,14.155170440673828
13.511232376098633,14.906631469726562
13.692293167114258,13.49555492401123
16.21666145324707,15.073689460754395
13.050859451293945,15.055194854736328
12.557913780212402,14.494833946228027
13.753340721130371,14.49637508392334
13.222027778625488,14.186088562011719
13.419715881347656,13.412433624267578
14.577261924743652,14.234955787658691
14.519613265991211,14.912277221679688
14.306035041809082,14.468417167663574
17.182144165039062,14.178999900817871
14.300901412963867,14.784961700439453
12.68223762512207,14.481789588928223
14.254094123840332,13.579792976379395
14.11956787109375,13.958146095275879
13.085217475891113,13.493412971496582
13.233902931213379,14.662957191467285
12.74795913696289,14.540775299072266
14.55782699584961,13.589462280273438
13.049314498901367,14.548328399658203
13.933151245117188,14.47735595703125
13.774063110351562,14.717951774597168
13.105064392089844,14.014373779296875
14.142589569091797,13.995081901550293
14.003400802612305,14.135356903076172
14.847672462463379,15.015125274658203
13.253780364990234,14.068140983581543
13.806011199951172,14.88630199432373
13.239965438842773,15.533856391906738
13.717206954956055,13.240900039672852
13.4619779586792,14.290771484375
13.175946235656738,14.584303855895996
13.263436317443848,13.960980415344238
13.046477317810059,15.269807815551758
14.033543586730957,15.409783363342285
13.419512748718262,13.551447868347168
13.613670349121094,14.270421981811523
12.949938774108887,15.000151634216309
14.004135131835938,13.973007202148438
14.126204490661621,14.397847175598145
13.57608699798584,14.22313117980957
13.862493515014648,13.793412208557129
13.652856826782227,13.167159080505371
14.41380500793457,14.829598426818848
14.155516624450684,13.603910446166992
13.62895393371582,14.185132026672363
13.477543830871582,14.125456809997559
15.540985107421875,13.806694984436035
14.703202247619629,15.82012939453125
14.326258659362793,14.135808944702148
14.124334335327148,17.25533676147461
13.717779159545898,14.437294006347656
13.512038230895996,14.193129539489746
14.672697067260742,14.348613739013672
14.095928192138672,14.289895057678223
14.948013305664062,13.508201599121094
14.767318725585938,14.767983436584473
13.271982192993164,14.127601623535156
13.041584014892578,14.147712707519531
13.520764350891113,15.173140525817871
13.36320686340332,14.629888534545898
15.382695198059082,14.539552688598633
14.352531433105469,13.540741920471191
15.18277359008789,15.343364715576172
13.826687812805176,13.737601280212402
14.692451477050781,13.632955551147461
13.961780548095703,13.988287925720215
13.104988098144531,14.782571792602539
13.317065238952637,14.248381614685059
14.341667175292969,14.163244247436523
13.106711387634277,14.240565299987793
13.425573348999023,15.13707160949707
14.33010482788086,13.805883407592773
14.029386520385742,14.502015113830566
13.735013961791992,13.856861114501953
13.171405792236328,17.720197677612305
13.377591133117676,14.964722633361816
13.604840278625488,14.632863998413086
14.9503812789917,14.840280532836914
14.152071952819824,14.944002151489258
14.517257690429688,14.17338752746582
13.955281257629395,13.671850204467773
14.212703704833984,14.588923454284668
14.08586597442627,14.930447578430176
14.78233814239502,14.045109748840332
13.015825271606445,13.289682388305664
12.966207504272461,15.32785415649414
13.794573783874512,14.420658111572266
13.899693489074707,14.611615180969238
13.743371963500977,14.854108810424805
13.939716339111328,13.849910736083984
13.530142784118652,13.851007461547852
13.331609725952148,14.25126838684082
13.48346996307373,14.597545623779297
13.87964916229248,14.29407024383545
13.905508041381836,12.848003387451172
14.083130836486816,15.431326866149902
13.460186004638672,14.823500633239746
14.412248611450195,14.417707443237305
14.170317649841309,14.992820739746094
14.065540313720703,15.240422248840332
13.175081253051758,14.495619773864746
14.238665580749512,13.758089065551758
13.569458961486816,12.827366828918457
14.142484664916992,13.991211891174316
14.248845100402832,13.654417991638184
14.248387336730957,14.791869163513184
13.394957542419434,14.304402351379395
13.87553882598877,14.462594985961914
13.57535457611084,13.899201393127441
13.73314094543457,14.551729202270508
13.714275360107422,15.055018424987793
13.771637916564941,17.006383895874023
13.540121078491211,13.246248245239258
12.944092750549316,14.351560592651367
13.716720581054688,13.987470626831055
15.474557876586914,16.279903411865234
14.03073501586914,13.461776733398438
14.543323516845703,14.927045822143555
14.355489730834961,13.844640731811523
14.274538040161133,16.63873291015625
13.595165252685547,14.091972351074219
12.845102310180664,14.660818099975586
16.92363739013672,14.073853492736816
13.687092781066895,14.198622703552246
13.690509796142578,14.948711395263672
13.413498878479004,15.056612014770508
13.648451805114746,13.855912208557129
13.270015716552734,14.3255615234375
13.661264419555664,15.387880325317383
14.29158878326416,13.325743675231934
13.407031059265137,13.091413497924805
13.136679649353027,14.746025085449219
17.179004669189453,14.82081127166748
13.12419319152832,15.337607383728027
13.158787727355957,13.899445533752441
13.040657043457031,14.493230819702148
12.96203899383545,15.109764099121094
13.591412544250488,14.332632064819336
14.315749168395996,14.72583293914795
13.104910850524902,13.931900024414062
13.497653007507324,14.41508960723877
13.728179931640625,13.959846496582031
13.869356155395508,14.775629043579102
13.77479362487793,14.167231559753418
13.537552833557129,13.821745872497559
13.563844680786133,14.45482063293457
14.620864868164062,14.596567153930664
14.09765911102295,14.521829605102539
13.97844409942627,14.662154197692871
14.369122505187988,14.794670104980469
13.640763282775879,14.26315975189209
13.511417388916016,14.20367431640625
14.50424575805664,14.448561668395996
14.219773292541504,13.796679496765137
13.005355834960938,14.766169548034668
13.110466957092285,14.09662914276123
14.807979583740234,14.013558387756348
13.913060188293457,14.685028076171875
13.320382118225098,13.453439712524414
13.412137031555176,14.037683486938477
13.628878593444824,15.140557289123535
13.371323585510254,13.842848777770996
12.91003131866455,13.322042465209961
17.491779327392578,13.934412956237793
14.195859909057617,14.631986618041992
13.647592544555664,14.846475601196289
13.522636413574219,13.55424976348877
14.197997093200684,14.34919261932373
14.254292488098145,13.494583129882812
13.19941234588623,14.145028114318848
13.624688148498535,14.024898529052734
13.254851341247559,14.574517250061035
13.443897247314453,15.021893501281738
13.910223960876465,15.28585433959961
13.917532920837402,14.857614517211914
13.024296760559082,14.066248893737793
14.171560287475586,15.038148880004883
13.769088745117188,14.158156394958496
14.056135177612305,13.860732078552246
14.827985763549805,14.037939071655273
14.512187957763672,14.254460334777832
13.748666763305664,14.763381004333496
14.793444633483887,14.421064376831055
12.620564460754395,13.517276763916016
12.271513938903809,14.242920875549316
13.724379539489746,14.59260082244873
13.707287788391113,14.140815734863281
12.8258695602417,14.21428394317627
14.79434585571289,13.128897666931152
13.232898712158203,13.971710205078125
13.753376007080078,15.545666694641113
13.051715850830078,14.364629745483398
14.038668632507324,14.619765281677246
14.384927749633789,14.274276733398438
14.295605659484863,15.04415225982666
13.791905403137207,14.684741973876953
14.2894287109375,13.952049255371094
13.822067260742188,14.448671340942383
12.936538696289062,15.228204727172852
13.495487213134766,13.4168119430542
13.751138687133789,16.741979598999023
13.03094482421875,14.52925968170166
13.402911186218262,14.888128280639648
14.667695045471191,14.27411937713623
14.222076416015625,14.034358024597168
13.443452835083008,14.032095909118652
12.85667610168457,14.3881254196167
13.40705680847168,14.71578598022461
12.929553985595703,14.4026460647583
15.242090225219727,15.335192680358887
14.44282341003418,14.052684783935547
13.58685302734375,14.265096664428711
13.064108848571777,14.038789749145508
13.427112579345703,14.411270141601562
13.519925117492676,13.862080574035645
14.192310333251953,14.763227462768555
13.695178031921387,14.563177108764648
13.617910385131836,14.445545196533203
14.09140396118164,13.87697982788086
13.256858825683594,15.049968719482422
14.085918426513672,14.952452659606934
14.518255233764648,15.789926528930664
12.959088325500488,14.22085952758789
14.18763256072998,14.74189567565918
13.55113410949707,13.760204315185547
14.070880889892578,18.033565521240234
13.454204559326172,14.306229591369629
12.6764497756958,13.571432113647461
13.52819538116455,14.809796333312988
14.311861991882324,14.039111137390137
14.108684539794922,15.278423309326172
13.4456148147583,14.176137924194336
12.89663028717041,14.24437427520752
13.857693672180176,17.027185440063477
14.597321510314941,14.415007591247559
13.675965309143066,14.087635040283203
13.422011375427246,19.214540481567383
13.370113372802734,14.353007316589355
13.344620704650879,14.481858253479004
14.739524841308594,13.64053726196289
12.522136688232422,15.224176406860352
12.79863452911377,16.690982818603516
13.548023223876953,14.071202278137207
13.29607105255127,14.80271053314209
13.464567184448242,13.834486961364746
14.15571403503418,14.148833274841309
13.037476539611816,13.938785552978516
13.063020706176758,15.964468002319336
13.869138717651367,13.228863716125488
13.316847801208496,14.95079231262207
13.688469886779785,13.34284496307373
13.820051193237305,13.926775932312012
13.045818328857422,14.151750564575195
14.895490646362305,14.317268371582031
13.485047340393066,13.88328742980957
12.639281272888184,14.580338478088379
12.867948532104492,14.484886169433594
13.248808860778809,14.881864547729492
12.92607307434082,14.308368682861328
14.197585105895996,14.574118614196777
14.912347793579102,14.533884048461914
14.54604721069336,13.979219436645508
14.2271146774292,13.188754081726074
13.693653106689453,14.437642097473145
13.027595520019531,13.032453536987305
13.575852394104004,15.800954818725586
13.804705619812012,14.366666793823242
13.043503761291504,14.848355293273926
14.177172660827637,14.892879486083984
13.720697402954102,13.217702865600586
13.710680961608887,15.601078987121582
13.981463432312012,14.842574119567871
13.636124610900879,14.86771297454834
13.265854835510254,13.693206787109375
13.170262336730957,14.505757331848145
13.200196266174316,14.785835266113281
13.342347145080566,14.36475658416748
12.801652908325195,14.277389526367188
13.434361457824707,13.549417495727539
14.594278335571289,14.356414794921875
13.783007621765137,13.357258796691895
13.612863540649414,13.794449806213379
13.573650360107422,13.96004867553711
12.820195198059082,13.126187324523926
15.136970520019531,14.568921089172363
12.946931838989258,13.778589248657227
13.913774490356445,15.408525466918945
13.456124305725098,13.425189018249512
12.863787651062012,14.545392036437988
14.400936126708984,14.883715629577637
12.939759254455566,14.932540893554688
14.30286693572998,14.818178176879883
13.87243938446045,14.440606117248535
13.904480934143066,14.678312301635742
13.375017166137695,13.57918930053711
12.694746017456055,15.020187377929688
14.036684036254883,15.830022811889648
13.448537826538086,14.273807525634766
13.45946979522705,13.881330490112305
12.907327651977539,13.962140083312988
13.661425590515137,15.100130081176758
13.636260986328125,14.233884811401367
13.679431915283203,13.554449081420898
13.414252281188965,14.548477172851562
13.53921890258789,13.792082786560059
13.532313346862793,14.125082969665527
16.56194496154785,13.69907283782959
13.378011703491211,15.13000774383545
13.755722999572754,14.033340454101562
13.560768127441406,14.343656539916992
13.75272274017334,14.560336112976074
14.296563148498535,13.764975547790527
13.991511344909668,14.305146217346191
13.580682754516602,14.502731323242188
13.906208992004395,14.660825729370117
13.038765907287598,14.068808555603027
14.196305274963379,14.161439895629883
13.633160591125488,14.084065437316895
13.893623352050781,13.871747970581055
13.557527542114258,12.966045379638672
13.048154830932617,14.898818016052246
12.941436767578125,15.609464645385742
13.732819557189941,12.960661888122559
12.954838752746582,13.946976661682129
13.99803352355957,15.37730598449707
13.786642074584961,13.741100311279297
14.382838249206543,13.553069114685059
13.415087699890137,13.686674118041992
13.42654800415039,14.591154098510742
13.753975868225098,14.879551887512207
14.272276878356934,13.9220609664917
13.991166114807129,16.031787872314453
14.348156929016113,13.427505493164062
13.809106826782227,12.956391334533691
14.009184837341309,13.055805206298828
13.917853355407715,16.503128051757812
14.231254577636719,14.992063522338867
14.629414558410645,14.095118522644043
13.421735763549805,14.573823928833008
13.962480545043945,14.381229400634766
13.90949821472168,14.455533981323242
12.711165428161621,14.310015678405762
13.5451078414917,16.441747665405273
13.31055736541748,13.420472145080566
13.947547912597656,14.887588500976562
13.595673561096191,13.762883186340332
13.86158275604248,14.383731842041016
15.009276390075684,14.453387260437012
14.56159496307373,14.742795944213867
15.235447883605957,14.001742362976074
17.137056350708008,14.517168045043945
13.854662895202637,13.674528121948242
13.646748542785645,13.398574829101562
13.226447105407715,14.08179759979248
12.802456855773926,14.386273384094238
13.6708402633667,14.055303573608398
13.220063209533691,14.56367015838623
13.811338424682617,13.344827651977539
13.350580215454102,16.61274528503418
13.394516944885254,13.410148620605469
12.767195701599121,14.897351264953613
13.242449760437012,15.601934432983398
13.52398681640625,14.995091438293457
12.939828872680664,14.30807876586914
14.020862579345703,13.088366508483887
14.660815238952637,14.316767692565918
13.466712951660156,15.346543312072754
14.174978256225586,13.741849899291992
12.436639785766602,13.921630859375
13.302947044372559,14.120431900024414
13.90502643585205,14.54555606842041
14.677239418029785,14.092439651489258
14.175150871276855,14.541975975036621
13.076275825500488,14.883257865905762
13.108373641967773,14.861685752868652
13.523723602294922,14.799308776855469
13.620680809020996,14.892110824584961
13.394198417663574,13.937357902526855
14.024079322814941,14.519617080688477
14.13291072845459,14.162137031555176
13.850417137145996,12.478711128234863
13.349958419799805,13.625162124633789
13.11133098602295,13.983339309692383
14.369709968566895,13.878470420837402
13.197488784790039,13.245945930480957
13.640249252319336,13.95797061920166
13.387889862060547,14.610763549804688
13.343301773071289,15.084390640258789
14.346433639526367,16.180410385131836
13.6602201461792,14.26468563079834
15.527472496032715,13.264457702636719
13.803495407104492,14.946377754211426
13.184385299682617,13.966878890991211
14.547504425048828,14.344467163085938
13.030731201171875,13.676525115966797
14.230058670043945,14.939520835876465
14.301104545593262,14.450965881347656
13.518206596374512,13.31344985961914
14.284492492675781,13.465116500854492
15.184078216552734,13.52863597869873
13.712369918823242,14.13562297821045
14.395904541015625,15.16022777557373
13.452102661132812,13.733098030090332
13.53903579711914,13.311625480651855
13.838273048400879,14.798087120056152
13.188509941101074,14.808919906616211
14.22307014465332,13.998004913330078
12.651071548461914,13.610156059265137
13.153714179992676,14.626229286193848
13.984414100646973,13.478424072265625
13.024582862854004,14.718193054199219
18.109973907470703,15.4053316116333
13.452988624572754,14.977028846740723
13.021270751953125,18.496145248413086
15.220130920410156,15.161502838134766
14.056783676147461,14.079634666442871
12.949532508850098,14.341348648071289
13.125197410583496,14.832196235656738
13.974648475646973,15.015955924987793
13.28345012664795,13.886421203613281
12.810478210449219,14.037792205810547
13.268829345703125,14.176477432250977
14.602460861206055,15.25255298614502
13.885161399841309,14.283915519714355
17.22414207458496,15.042498588562012
12.805036544799805,14.649625778198242
13.343292236328125,13.338357925415039
13.64966106414795,14.786150932312012
13.836281776428223,14.9391450881958
14.043766021728516,14.286636352539062
13.882625579833984,14.398480415344238
13.23801040649414,14.355424880981445
13.824350357055664,14.600214958190918
14.167747497558594,14.617929458618164
12.858430862426758,14.57020378112793
13.931634902954102,14.918192863464355
13.542684555053711,14.624235153198242
13.032355308532715,14.534809112548828
13.488558769226074,14.464609146118164
13.622389793395996,13.490036964416504
13.592016220092773,14.583770751953125
13.714146614074707,13.686477661132812
13.284393310546875,14.223546981811523
13.141871452331543,15.023941040039062
13.574895858764648,15.410613059997559
13.112275123596191,15.001474380493164
14.186874389648438,14.201154708862305
13.779130935668945,13.69015884399414
13.693288803100586,14.15791130065918
14.083610534667969,13.91228199005127
14.262822151184082,16.217796325683594
12.952640533447266,15.111429214477539
14.375980377197266,14.946537971496582
13.393766403198242,14.25938606262207
13.420716285705566,13.399271011352539
13.594900131225586,14.596269607543945
13.60050106048584,14.481328964233398
13.489209175109863,14.08482837677002
13.964187622070312,13.031289100646973
13.58375358581543,13.738807678222656
13.621841430664062,13.685019493103027
13.902629852294922,14.904845237731934
14.295989036560059,13.900219917297363
13.865683555603027,14.611614227294922
13.619132041931152,14.092039108276367
12.699827194213867,14.568724632263184
13.32028579711914,14.272475242614746
13.495393753051758,14.03174877166748
14.229562759399414,14.741155624389648
14.173383712768555,14.521431922912598
12.681957244873047,14.79148006439209
13.59373950958252,14.336453437805176
14.09572982788086,13.959959983825684
14.984888076782227,14.44156265258789
13.967131614685059,15.069592475891113
13.815901756286621,13.962626457214355
13.42147159576416,14.001444816589355
14.021331787109375,13.851302146911621
12.9975004196167,13.713146209716797
13.153688430786133,13.328163146972656
13.371408462524414,15.480828285217285
13.861908912658691,13.505350112915039
14.049531936645508,14.236125946044922
14.11237621307373,15.01955795288086
12.751869201660156,13.739776611328125
13.086477279663086,13.282221794128418
12.91706371307373,14.875425338745117
13.255922317504883,14.204558372497559
13.65707015991211,15.354209899902344
13.959614753723145,13.151668548583984
15.824895858764648,14.592159271240234
14.092061996459961,14.728584289550781
13.045658111572266,14.562137603759766
13.673271179199219,14.712618827819824
13.1259765625,14.84048843383789
13.232810020446777,14.541661262512207
13.776931762695312,12.647993087768555
13.815052032470703,15.020912170410156
13.123554229736328,14.60366439819336
12.910381317138672,13.958984375
13.6657133102417,12.616754531860352
13.389850616455078,14.929218292236328
14.005816459655762,14.095739364624023
13.285932540893555,14.115033149719238
13.681398391723633,14.014810562133789
12.576513290405273,13.516290664672852
13.823914527893066,13.780969619750977
13.054697036743164,14.627970695495605
12.686878204345703,14.940211296081543
14.147834777832031,14.801270484924316
14.859405517578125,14.384608268737793
13.542141914367676,13.602872848510742
13.457693099975586,15.099329948425293
13.395503044128418,14.755149841308594
13.930848121643066,13.808917999267578
13.3563232421875,13.13882064819336
13.35369873046875,14.969053268432617
13.729303359985352,14.168846130371094
12.913410186767578,13.54483413696289
13.89855670928955,13.992278099060059
12.610394477844238,14.901607513427734
12.959938049316406,14.846835136413574
13.664606094360352,13.370595932006836
15.082252502441406,14.27380657196045
14.631056785583496,14.400564193725586
14.142376899719238,13.948939323425293
15.30776596069336,14.623269081115723
14.570968627929688,14.811511039733887
13.685958862304688,14.826763153076172
14.251452445983887,14.229426383972168
15.776541709899902,13.97116756439209
14.60196304321289,14.389538764953613
14.711197853088379,15.437300682067871
12.872075080871582,14.01311206817627
12.99881649017334,14.072574615478516
13.952872276306152,14.84719181060791
13.525042533874512,14.624319076538086
13.31910514831543,14.244111061096191
14.356398582458496,16.43568229675293
13.560907363891602,14.756478309631348
13.870694160461426,15.0641508102417
14.117195129394531,14.619388580322266
14.047329902648926,13.930198669433594
17.962825775146484,16.769445419311523
15.020528793334961,14.403338432312012
13.302627563476562,14.465510368347168
14.619965553283691,14.861581802368164
13.44000244140625,15.207777976989746
14.40735912322998,13.062820434570312
13.156842231750488,13.889719009399414
12.839153289794922,13.782182693481445
14.486006736755371,13.509716033935547
14.358262062072754,15.168841361999512
13.776314735412598,13.29043197631836
12.679496765136719,15.03395938873291
12.540953636169434,13.670716285705566
13.189606666564941,13.763348579406738
13.433228492736816,15.037403106689453
13.474052429199219,13.822999954223633
13.32033920288086,12.976288795471191
13.897196769714355,14.233792304992676
13.243668556213379,14.057032585144043
13.986822128295898,14.532809257507324
15.3746337890625,14.905994415283203
15.121601104736328,13.908699989318848
13.81947135925293,12.922896385192871
13.321505546569824,13.994585990905762
13.683942794799805,14.440567970275879
13.421308517456055,14.623617172241211
13.726826667785645,14.329060554504395
13.530034065246582,13.862935066223145
13.78121566772461,14.834134101867676
14.24194622039795,15.171882629394531
13.616721153259277,14.450590133666992
13.328142166137695,13.508455276489258
13.197395324707031,13.74657154083252
14.000347137451172,14.04211139678955
12.903115272521973,14.30893325805664
13.11017894744873,15.044395446777344
13.757229804992676,14.496389389038086
14.356658935546875,12.893562316894531
13.630048751831055,17.939369201660156
13.430826187133789,14.226852416992188
13.607268333435059,15.038060188293457
13.124723434448242,14.380306243896484
13.850231170654297,12.394502639770508
13.018784523010254,14.081666946411133
13.56787395477295,14.529398918151855
14.554460525512695,14.920663833618164
13.601037979125977,14.381699562072754
14.271903991699219,13.724608421325684
13.955099105834961,14.091126441955566
14.402490615844727,15.61964225769043
14.459559440612793,13.711790084838867
13.752941131591797,15.246468544006348
13.773045539855957,14.245047569274902
14.230356216430664,15.247809410095215
14.345596313476562,14.668416976928711
12.233610153198242,14.368151664733887
12.817995071411133,13.486279487609863
14.463224411010742,13.927796363830566
13.061007499694824,14.97744083404541
14.387656211853027,14.545458793640137
14.27686882019043,14.74889087677002
15.501762390136719,15.904630661010742
14.214310646057129,14.966214179992676
13.842945098876953,14.603946685791016
13.3262300491333,13.879846572875977
14.186742782592773,13.058026313781738
14.154190063476562,13.539283752441406
14.390499114990234,14.107504844665527
13.864283561706543,14.749737739562988
13.806647300720215,15.554522514343262
13.510890007019043,13.482468605041504
14.499038696289062,14.199231147766113
12.765461921691895,14.115300178527832
13.654285430908203,14.767977714538574
14.055868148803711,13.669670104980469
15.632102966308594,15.242284774780273
14.650497436523438,14.655695915222168
13.728226661682129,14.67601490020752
13.539131164550781,14.074053764343262
13.59194564819336,15.234211921691895
13.611163139343262,14.517473220825195
13.871944427490234,14.61532974243164
12.606094360351562,14.196403503417969
13.990970611572266,14.712897300720215
12.914142608642578,14.339872360229492
13.512102127075195,14.648555755615234
14.254297256469727,13.613299369812012
12.87060260772705,14.360838890075684
14.027976036071777,14.061031341552734
13.450583457946777,14.774499893188477
13.29444694519043,14.345791816711426
13.301118850708008,12.999685287475586
13.962054252624512,14.53518009185791
13.342268943786621,14.422700881958008
13.875171661376953,15.015449523925781
13.31702709197998,14.516607284545898
13.585769653320312,14.504817008972168
13.433253288269043,14.482963562011719
14.394407272338867,14.9038724899292
13.741490364074707,14.329666137695312
13.475347518920898,15.048325538635254
13.97504711151123,15.233595848083496
13.680282592773438,14.264546394348145
14.296723365783691,14.641864776611328
13.823293685913086,14.187055587768555
13.717646598815918,13.837501525878906
13.686046600341797,14.424111366271973
14.717378616333008,14.214771270751953
13.099992752075195,13.888069152832031
13.170888900756836,15.313024520874023
14.40510368347168,14.050479888916016
13.081050872802734,15.21251392364502
13.852457046508789,13.562623023986816
13.191720962524414,13.923911094665527
13.858013153076172,14.446894645690918
14.17650032043457,14.566113471984863
12.88710880279541,13.634403228759766
12.718852043151855,14.694981575012207
13.332189559936523,14.943817138671875
13.34922981262207,14.779936790466309
13.280447959899902,15.19603443145752
13.320053100585938,13.722291946411133
13.802270889282227,14.99937629699707
13.517019271850586,13.751688957214355
13.290528297424316,14.133145332336426
13.319297790527344,13.378804206848145
12.943194389343262,13.978797912597656
13.361587524414062,14.06604290008545
14.086982727050781,14.58890151977539
13.230663299560547,13.886276245117188
14.018033027648926,13.97776985168457
13.553194046020508,13.616190910339355
14.91354751586914,14.617002487182617
13.488374710083008,13.57468032836914
13.507471084594727,14.131421089172363
14.454582214355469,13.660137176513672
13.274147033691406,14.881475448608398
13.446895599365234,14.40431022644043
13.906288146972656,14.124651908874512
14.083683967590332,14.619893074035645
13.512788772583008,14.064698219299316
13.790969848632812,14.344447135925293
14.112218856811523,13.686180114746094
13.59959888458252,13.212841033935547
13.082247734069824,13.664774894714355
13.937376022338867,14.409196853637695
12.936840057373047,14.127283096313477
13.481420516967773,14.054414749145508
14.436847686767578,14.284464836120605
14.015912055969238,12.929731369018555
13.937485694885254,14.332070350646973
13.56479263305664,13.533782005310059
13.434744834899902,13.727450370788574
14.204472541809082,13.020430564880371
13.792497634887695,14.284611701965332
14.02277660369873,14.37498950958252
12.75130558013916,13.783060073852539
13.69840145111084,14.84973430633545
14.31901741027832,13.497511863708496
14.192680358886719,15.03915786743164
13.051497459411621,14.951311111450195
12.900630950927734,13.18990707397461
13.295785903930664,14.18716812133789
13.379661560058594,14.57776927947998
13.959331512451172,14.305675506591797
14.11284065246582,13.70765495300293
13.520133972167969,15.094621658325195
13.572677612304688,14.60981559753418
13.740445137023926,13.89857292175293
14.214598655700684,13.418920516967773
15.09685230255127,14.445801734924316
14.52110481262207,14.888257026672363
14.864607810974121,14.24549388885498
13.905982971191406,14.611714363098145
13.769281387329102,15.17000961303711
13.793928146362305,14.36056900024414
13.367386817932129,14.59045124053955
13.423535346984863,14.37134838104248
13.41633415222168,14.448575973510742
13.109190940856934,13.856399536132812
13.964507102966309,14.357847213745117
13.980500221252441,14.68802547454834
14.074737548828125,14.569594383239746
13.24675178527832,13.861549377441406
14.196967124938965,14.806851387023926
13.629185676574707,14.1196870803833
14.205768585205078,13.56305980682373
13.110123634338379,14.182331085205078
13.821184158325195,13.64893627166748
13.391229629516602,13.577978134155273
14.241934776306152,15.077733993530273
14.277237892150879,14.77927303314209
15.27884578704834,14.598716735839844
14.531073570251465,15.221165657043457
14.151238441467285,15.54638671875
13.929033279418945,15.123528480529785
13.76231575012207,14.304677963256836
12.845982551574707,14.722420692443848
13.899529457092285,14.859197616577148
14.650029182434082,14.095484733581543
13.133748054504395,14.57652473449707
12.578617095947266,15.38364028930664
13.695488929748535,13.873250007629395
13.678177833557129,14.476583480834961
13.242444038391113,15.098796844482422
12.852652549743652,14.076356887817383
13.859135627746582,13.912933349609375
14.631205558776855,13.35832405090332
13.445738792419434,13.760174751281738
13.974040031433105,14.11483383178711
14.60045051574707,13.970446586608887
14.16016674041748,13.810760498046875
13.487299919128418,13.831238746643066
13.851426124572754,14.892525672912598
12.26162338256836,16.46259880065918
13.513184547424316,14.362037658691406
13.345317840576172,14.304767608642578
13.672922134399414,13.91549015045166
13.840744972229004,14.500326156616211
13.55651569366455,14.373238563537598
13.877973556518555,14.274325370788574
13.316165924072266,14.170523643493652
13.597149848937988,14.147127151489258
14.160082817077637,13.727995872497559
13.612085342407227,13.410306930541992
14.001607894897461,13.501348495483398
14.284732818603516,14.745529174804688
13.182859420776367,12.906941413879395
13.296578407287598,14.049221992492676
13.276114463806152,13.994300842285156
13.78361701965332,13.632615089416504
13.21324348449707,14.211356163024902
13.533735275268555,13.044949531555176
13.248079299926758,16.06403160095215
13.271419525146484,15.36937141418457
13.647549629211426,18.13479232788086
13.136892318725586,14.10598087310791
13.082242965698242,13.591468811035156
14.207712173461914,13.779314041137695
13.750598907470703,14.404787063598633
12.92043399810791,14.723173141479492
14.129085540771484,13.346698760986328
14.163309097290039,17.24028778076172
13.104050636291504,13.31934928894043
13.646662712097168,15.498224258422852
14.042588233947754,15.249810218811035
13.687724113464355,12.951842308044434
13.494941711425781,14.071966171264648
13.549639701843262,14.746847152709961
13.964548110961914,14.705329895019531
14.289356231689453,15.259106636047363
14.02310848236084,13.933257102966309
14.180506706237793,14.824625015258789
14.50829792022705,13.194186210632324
13.66069221496582,14.559499740600586
13.950207710266113,13.897894859313965
16.441049575805664,14.079203605651855
14.074535369873047,14.734886169433594
13.555349349975586,15.075875282287598
14.510592460632324,13.33874797821045
14.227005958557129,14.03452205657959
13.601003646850586,15.00224494934082
15.434022903442383,14.12806510925293
13.322564125061035,14.329350471496582
13.081696510314941,14.261417388916016
13.215340614318848,15.151599884033203
13.758210182189941,14.565827369689941
13.749536514282227,13.800018310546875
13.283146858215332,14.951498985290527
13.70922565460205,14.891151428222656
14.3461275100708,14.718295097351074
14.190780639648438,14.733644485473633
14.021124839782715,14.684276580810547
13.954683303833008,14.50643539428711
13.80156135559082,14.76161003112793
13.163491249084473,13.263994216918945
14.542686462402344,14.61927318572998
14.432727813720703,14.136197090148926
13.779467582702637,14.024619102478027
13.284467697143555,12.578316688537598
13.554883003234863,14.069108009338379
12.838762283325195,14.636133193969727
13.707376480102539,14.500179290771484
14.036347389221191,13.864632606506348
13.833232879638672,13.75480842590332
13.077437400817871,13.765376091003418
15.193467140197754,15.118842124938965
13.636214256286621,14.514034271240234
14.639208793640137,14.447096824645996
13.866694450378418,14.303125381469727
13.753925323486328,15.129561424255371
14.491659164428711,14.070050239562988
13.79849624633789,13.857943534851074
14.454999923706055,14.142366409301758
14.097819328308105,15.888925552368164
14.746147155761719,14.485616683959961
13.575196266174316,14.61649227142334
13.681448936462402,14.063240051269531
12.758100509643555,13.476179122924805
13.381417274475098,15.74889087677002
13.40287971496582,14.174389839172363
13.925935745239258,13.8898286819458
13.83190631866455,14.207229614257812
16.645998001098633,14.85493278503418
15.581714630126953,14.304769515991211
13.45966911315918,13.923179626464844
13.639814376831055,14.679322242736816
13.810592651367188,15.096909523010254
13.389029502868652,13.462197303771973
13.44544792175293,13.511062622070312
13.931255340576172,14.116004943847656
12.909159660339355,15.339202880859375
12.769975662231445,13.041182518005371
14.214573860168457,13.932327270507812
13.038837432861328,13.970919609069824
13.890836715698242,15.13456916809082
13.01251220703125,13.526345252990723
13.563292503356934,13.268567085266113
13.1012601852417,15.043089866638184
13.759084701538086,14.669084548950195
12.938608169555664,14.624038696289062
13.460260391235352,14.390448570251465
13.39576244354248,13.540013313293457
13.093676567077637,14.495331764221191
14.291210174560547,14.728281021118164
14.11300277709961,14.170112609863281
15.158296585083008,13.09111213684082
12.738248825073242,14.572665214538574
13.32722282409668,15.641304969787598
13.289878845214844,15.088113784790039
13.700010299682617,14.330025672912598
13.763005256652832,13.90705394744873
14.009672164916992,14.133429527282715
13.399070739746094,14.277237892150879
13.140240669250488,14.951056480407715
12.709418296813965,14.001866340637207
13.810336112976074,14.315293312072754
13.098958969116211,13.956417083740234
13.443073272705078,14.87317943572998
14.046072006225586,14.271965980529785
13.03950309753418,14.447121620178223
13.77690601348877,13.34233570098877
13.251304626464844,13.865337371826172
14.586018562316895,13.571746826171875
13.538496017456055,14.378632545471191
14.40828800201416,14.122414588928223
13.631356239318848,13.730827331542969
13.280972480773926,14.251838684082031
14.597709655761719,13.246118545532227
14.049065589904785,12.828454971313477
13.1532564163208,14.948982238769531
14.141742706298828,13.635293960571289
13.994043350219727,14.260981559753418
12.991609573364258,13.831340789794922
13.5055570602417,14.142977714538574
14.856006622314453,13.729205131530762
13.167808532714844,14.50422191619873
13.227814674377441,14.058812141418457
13.585962295532227,13.132375717163086
14.026698112487793,14.249231338500977
13.247344017028809,14.307999610900879
13.550079345703125,13.604838371276855
14.336861610412598,14.526151657104492
14.14650821685791,13.87108039855957
13.517133712768555,15.153675079345703
12.969487190246582,14.703734397888184
13.500679969787598,14.405317306518555
13.472494125366211,14.61358642578125
13.307344436645508,14.352023124694824
13.097433090209961,15.265625
13.79887580871582,13.6445894241333
14.760849952697754,13.941909790039062
14.106195449829102,15.258271217346191
12.870342254638672,13.698822975158691
13.350876808166504,14.200536727905273
13.973236083984375,13.73688793182373
13.205707550048828,13.870766639709473
14.101703643798828,13.829349517822266
15.000910758972168,14.37191390991211
13.708327293395996,14.448589324951172
15.15514850616455,14.193900108337402
13.697173118591309,14.005228996276855
13.510113716125488,14.939684867858887
13.945568084716797,14.98789119720459
14.581809997558594,13.715530395507812
14.442084312438965,14.092637062072754
13.325898170471191,13.024673461914062
13.91771411895752,14.31161880493164
13.743792533874512,13.365036964416504
13.998656272888184,13.827775001525879
13.12348747253418,14.798511505126953
13.290771484375,14.9840669631958
13.962165832519531,15.1914701461792
13.462424278259277,13.541892051696777
12.954729080200195,14.195590019226074
14.654654502868652,14.130851745605469
13.654098510742188,14.424301147460938
13.988539695739746,14.270946502685547
13.62623405456543,12.71209716796875
14.4361572265625,13.071325302124023
13.7869234085083,14.564730644226074
13.95210075378418,13.75456714630127
13.906142234802246,14.521331787109375
14.5947265625,15.291522979736328
13.11986255645752,14.136917114257812
13.339188575744629,14.557737350463867
14.462837219238281,14.523751258850098
