Loss_clean_graph,Loss_dirty_graph
14.949837684631348,14.874032974243164
14.602571487426758,15.14865779876709
14.490050315856934,15.263126373291016
14.55858039855957,15.02646255493164
14.771761894226074,15.390327453613281
14.124275207519531,15.062843322753906
15.50343132019043,15.599725723266602
14.807106018066406,14.303718566894531
14.60008716583252,14.98173999786377
14.892730712890625,14.535499572753906
14.556997299194336,15.164180755615234
14.871106147766113,15.130611419677734
15.011663436889648,15.14400863647461
15.024068832397461,15.1570463180542
15.174203872680664,15.119348526000977
14.903230667114258,15.256227493286133
14.142950057983398,14.42074966430664
13.932355880737305,15.54514217376709
15.08366584777832,15.436830520629883
14.978984832763672,15.251496315002441
14.965319633483887,14.955984115600586
14.592508316040039,14.483898162841797
14.42717456817627,15.101354598999023
14.821383476257324,14.934568405151367
14.31277847290039,15.754343032836914
14.176158905029297,15.054243087768555
15.085277557373047,15.501375198364258
15.91794204711914,14.825545310974121
14.81971263885498,14.991415023803711
15.091649055480957,15.094642639160156
14.693924903869629,15.335700035095215
14.16749382019043,15.320318222045898
14.193140983581543,15.084059715270996
14.757534980773926,15.541831016540527
14.613021850585938,14.836057662963867
14.8204984664917,15.741321563720703
16.458213806152344,14.777694702148438
15.259206771850586,15.496370315551758
15.09292984008789,15.578420639038086
14.721220016479492,14.991119384765625
14.232451438903809,16.144084930419922
14.660490036010742,15.492706298828125
14.408084869384766,14.750929832458496
15.242053031921387,14.858656883239746
15.093317031860352,14.95319652557373
14.599014282226562,14.67344856262207
15.113988876342773,15.418352127075195
14.851960182189941,15.428589820861816
14.94395923614502,15.542428970336914
14.440706253051758,15.157397270202637
14.675088882446289,15.037590980529785
14.515024185180664,15.012487411499023
14.5798921585083,15.4754638671875
14.616640090942383,15.817634582519531
14.637174606323242,14.787680625915527
15.042451858520508,15.731709480285645
15.398887634277344,15.019207954406738
15.533329010009766,15.15394401550293
14.581256866455078,15.645363807678223
14.676416397094727,15.715669631958008
15.03592300415039,15.40478801727295
15.436662673950195,15.130003929138184
14.777461051940918,15.282367706298828
14.75505256652832,14.867809295654297
15.143288612365723,15.419072151184082
14.618555068969727,14.941161155700684
14.347582817077637,14.880821228027344
15.799858093261719,14.775361061096191
15.175224304199219,14.941500663757324
14.631431579589844,15.08735466003418
14.719738006591797,14.895862579345703
14.898740768432617,14.742454528808594
15.036865234375,14.720206260681152
14.331239700317383,15.030073165893555
15.350085258483887,15.475881576538086
15.1500244140625,15.616690635681152
14.550345420837402,15.03011703491211
15.577924728393555,14.710405349731445
14.349828720092773,15.501383781433105
14.556901931762695,14.54309368133545
14.708078384399414,15.283291816711426
14.966899871826172,15.713094711303711
14.9461030960083,14.773154258728027
14.69606876373291,14.81092357635498
16.46017074584961,14.942460060119629
15.281947135925293,14.756497383117676
15.04818058013916,15.104704856872559
15.948530197143555,15.195196151733398
14.858658790588379,15.320587158203125
15.210041999816895,14.905414581298828
14.576871871948242,14.980463027954102
15.115280151367188,15.46664810180664
14.993087768554688,15.069025039672852
14.574981689453125,14.880941390991211
17.361448287963867,14.892374038696289
14.3978271484375,15.337037086486816
14.968780517578125,15.20786190032959
14.632389068603516,14.807644844055176
15.119209289550781,15.104740142822266
15.122272491455078,15.250758171081543
14.274145126342773,15.308412551879883
15.109283447265625,14.754776000976562
14.29818058013916,15.312686920166016
14.806465148925781,15.041553497314453
14.689026832580566,15.32974910736084
14.943561553955078,15.285344123840332
15.057047843933105,14.849859237670898
15.268085479736328,14.916675567626953
14.3908109664917,14.574965476989746
15.286870956420898,14.645164489746094
15.416921615600586,14.963370323181152
14.70910930633545,15.586009979248047
15.28276252746582,14.858320236206055
14.97903060913086,15.137149810791016
15.18210220336914,15.01156234741211
14.638599395751953,14.90365982055664
14.89173698425293,15.115869522094727
14.966218948364258,14.881552696228027
14.610174179077148,15.11563777923584
15.325891494750977,15.444755554199219
14.452683448791504,14.76467227935791
14.856889724731445,14.32978630065918
14.636458396911621,15.435056686401367
15.403711318969727,14.7825345993042
14.979860305786133,15.359224319458008
14.720643043518066,15.036323547363281
14.977418899536133,15.481263160705566
14.331621170043945,14.40861701965332
14.673332214355469,14.944703102111816
15.146868705749512,15.450235366821289
15.04362964630127,14.92837905883789
14.195367813110352,14.869659423828125
15.268707275390625,14.94609546661377
14.773391723632812,14.516460418701172
14.268020629882812,14.729755401611328
14.780954360961914,15.25015640258789
14.543437004089355,15.219343185424805
14.609837532043457,16.083585739135742
15.436376571655273,14.876145362854004
16.29684066772461,15.160035133361816
17.142276763916016,14.918096542358398
16.438833236694336,15.239680290222168
16.363174438476562,15.064626693725586
15.392391204833984,14.972735404968262
14.284616470336914,14.768216133117676
14.636950492858887,14.66208267211914
14.592212677001953,15.097071647644043
15.439916610717773,14.963001251220703
16.04965591430664,15.097278594970703
15.55386734008789,15.124061584472656
15.358236312866211,14.658147811889648
14.625115394592285,15.071403503417969
14.654708862304688,15.487955093383789
14.230497360229492,15.356964111328125
14.93154525756836,15.363690376281738
15.1203031539917,15.053850173950195
14.46211051940918,15.294986724853516
14.782232284545898,16.29439353942871
14.614806175231934,15.138954162597656
14.611906051635742,15.467222213745117
16.201814651489258,14.925233840942383
15.102167129516602,15.208271026611328
15.33467960357666,15.473620414733887
14.494735717773438,15.500829696655273
14.89586067199707,14.994979858398438
14.520427703857422,14.681171417236328
14.641597747802734,15.069276809692383
14.903643608093262,15.202373504638672
14.677440643310547,15.089228630065918
15.117386817932129,15.747546195983887
15.045660018920898,15.499024391174316
15.047947883605957,15.097223281860352
14.931294441223145,15.50216007232666
14.731003761291504,14.385509490966797
15.430578231811523,15.288033485412598
14.46596622467041,15.424646377563477
14.948234558105469,14.806100845336914
14.980097770690918,14.29480266571045
14.28891372680664,14.31294059753418
13.98104190826416,15.59429931640625
14.946203231811523,15.287942886352539
15.005643844604492,14.851356506347656
14.731950759887695,14.845877647399902
14.806285858154297,15.329334259033203
14.629837989807129,14.542566299438477
14.28843879699707,15.542675018310547
15.184276580810547,15.3117094039917
15.047086715698242,15.024301528930664
15.912315368652344,14.218649864196777
15.098797798156738,15.622421264648438
14.273059844970703,15.632097244262695
14.947742462158203,15.060931205749512
14.897833824157715,15.66987419128418
14.947566986083984,15.079071044921875
14.651874542236328,14.35516357421875
14.655341148376465,14.376659393310547
14.580886840820312,15.272483825683594
15.385578155517578,15.245659828186035
14.357427597045898,15.063172340393066
15.92933177947998,14.99981689453125
15.120622634887695,15.872438430786133
15.174270629882812,15.597049713134766
14.394948959350586,14.970437049865723
15.50843334197998,15.046004295349121
15.171162605285645,15.21474552154541
14.698708534240723,14.519319534301758
14.639211654663086,14.920028686523438
16.153972625732422,14.952590942382812
14.80156135559082,15.122855186462402
14.548796653747559,14.863570213317871
14.146692276000977,15.351888656616211
14.628312110900879,14.991972923278809
15.43696403503418,15.019034385681152
14.822807312011719,15.479265213012695
14.978948593139648,15.675029754638672
14.774778366088867,15.58479118347168
14.267061233520508,15.219354629516602
14.923089027404785,14.698674201965332
15.005573272705078,14.724835395812988
15.237171173095703,15.59292984008789
15.080240249633789,14.94218635559082
14.939554214477539,15.009264945983887
16.18500518798828,14.603516578674316
15.870573043823242,15.153696060180664
15.328941345214844,14.804065704345703
14.537948608398438,14.831377029418945
15.938007354736328,15.504905700683594
15.451565742492676,14.867504119873047
14.528358459472656,14.6829195022583
14.634926795959473,15.440688133239746
14.579429626464844,15.065322875976562
14.786785125732422,15.631072044372559
15.234007835388184,14.774444580078125
14.59675121307373,14.924524307250977
15.154914855957031,15.256163597106934
14.372873306274414,15.309067726135254
15.414095878601074,15.609964370727539
14.468981742858887,15.677488327026367
14.957441329956055,15.561258316040039
14.712552070617676,15.224874496459961
14.60889720916748,14.818146705627441
14.605714797973633,15.118698120117188
15.125225067138672,14.83473014831543
15.136736869812012,14.850212097167969
14.229782104492188,15.300962448120117
14.51544189453125,15.683446884155273
15.11842155456543,14.41051959991455
14.932515144348145,15.45754623413086
14.586406707763672,15.435623168945312
14.627256393432617,15.116207122802734
14.401615142822266,14.930218696594238
15.134790420532227,15.314876556396484
14.986991882324219,14.863645553588867
15.09715747833252,14.856583595275879
14.240232467651367,15.038378715515137
14.862586975097656,15.363356590270996
15.155403137207031,14.990156173706055
14.897939682006836,14.609369277954102
14.913469314575195,14.664976119995117
15.272218704223633,14.860542297363281
14.796804428100586,15.762735366821289
14.626306533813477,15.030143737792969
14.77609634399414,14.612706184387207
15.50433349609375,15.523370742797852
14.963550567626953,15.165706634521484
14.52993392944336,15.405206680297852
15.407218933105469,15.646308898925781
14.039609909057617,15.651993751525879
14.471088409423828,15.077228546142578
15.007883071899414,15.161378860473633
15.114792823791504,15.321687698364258
15.578489303588867,15.742321014404297
14.516876220703125,15.237606048583984
15.285676956176758,15.183979034423828
14.76268196105957,15.016706466674805
15.230072021484375,15.1405029296875
15.450087547302246,15.673062324523926
14.95029354095459,15.426342010498047
15.349620819091797,14.973222732543945
14.810636520385742,14.348928451538086
14.946406364440918,15.417661666870117
14.723733901977539,15.066991806030273
14.953004837036133,15.010675430297852
14.490442276000977,14.825511932373047
14.691274642944336,15.47607421875
14.367634773254395,15.392326354980469
15.024465560913086,15.52363395690918
14.784797668457031,15.013896942138672
14.72600269317627,15.219076156616211
14.741939544677734,14.55652904510498
14.950658798217773,15.558918952941895
14.566271781921387,17.090328216552734
15.091018676757812,15.541275978088379
15.400285720825195,15.167320251464844
14.934714317321777,15.097272872924805
14.309462547302246,15.318922996520996
14.921467781066895,14.973236083984375
14.689021110534668,14.920520782470703
16.56723976135254,15.13031005859375
14.569173812866211,14.311643600463867
15.150226593017578,15.004923820495605
14.357707977294922,15.473283767700195
14.818707466125488,15.635346412658691
14.772941589355469,15.148428916931152
14.548036575317383,15.562679290771484
15.62240219116211,14.892338752746582
15.181875228881836,15.50411605834961
14.045412063598633,14.798725128173828
14.895520210266113,15.205400466918945
15.17294692993164,15.069146156311035
14.681930541992188,15.29806137084961
14.938831329345703,14.645585060119629
14.19640827178955,14.934074401855469
14.600893020629883,14.979118347167969
14.797077178955078,14.973008155822754
15.156051635742188,15.66349983215332
15.03182315826416,14.716755867004395
14.968840599060059,15.483638763427734
16.041118621826172,15.363616943359375
14.269241333007812,15.023819923400879
16.412803649902344,14.923396110534668
14.661004066467285,15.009916305541992
14.869159698486328,15.509454727172852
14.859156608581543,14.6162691116333
15.388253211975098,15.740909576416016
14.718677520751953,14.952707290649414
15.050931930541992,14.681644439697266
17.104618072509766,14.926989555358887
15.374276161193848,15.493149757385254
14.498994827270508,15.337268829345703
15.150847434997559,14.993242263793945
14.850434303283691,15.415908813476562
14.243721008300781,14.691915512084961
14.205785751342773,15.423759460449219
14.53250789642334,15.433791160583496
14.663393020629883,15.156442642211914
15.11660385131836,15.274263381958008
15.07758617401123,15.025163650512695
15.316657066345215,15.449884414672852
15.328925132751465,15.74743938446045
14.806612968444824,15.355598449707031
14.19273567199707,15.569940567016602
15.076534271240234,14.928685188293457
14.577882766723633,14.859945297241211
14.81299114227295,15.46534538269043
14.955503463745117,15.717849731445312
14.444910049438477,14.628252029418945
15.206278800964355,14.876214027404785
14.875541687011719,15.579072952270508
14.879197120666504,15.061725616455078
14.517858505249023,15.429738998413086
16.57929039001465,15.09163761138916
14.984742164611816,16.01750946044922
14.545231819152832,15.296414375305176
14.598422050476074,14.436369895935059
14.656168937683105,15.133241653442383
15.09775161743164,14.527798652648926
14.88014030456543,15.391069412231445
15.154359817504883,14.623481750488281
15.339778900146484,15.146907806396484
16.43688201904297,15.382978439331055
14.95897388458252,15.55667781829834
15.34414291381836,15.412515640258789
14.846044540405273,14.913522720336914
15.15491008758545,14.89881706237793
14.369773864746094,14.602571487426758
14.417741775512695,15.336665153503418
14.246817588806152,14.837528228759766
15.030231475830078,15.237567901611328
15.49831771850586,15.459833145141602
14.895760536193848,14.761646270751953
16.10051727294922,15.240877151489258
15.042608261108398,14.862373352050781
15.098761558532715,15.65205192565918
14.388197898864746,15.193562507629395
15.026674270629883,15.529196739196777
15.537283897399902,15.350223541259766
14.474069595336914,14.845069885253906
14.644895553588867,15.75737190246582
14.933572769165039,14.855949401855469
14.275688171386719,15.000475883483887
14.54128646850586,15.100119590759277
14.615774154663086,15.434639930725098
14.955134391784668,14.880069732666016
14.702192306518555,14.897671699523926
14.664257049560547,14.948646545410156
14.934160232543945,15.101896286010742
15.201932907104492,15.212228775024414
14.628124237060547,15.30239200592041
14.502920150756836,15.434064865112305
14.626751899719238,15.573081016540527
14.822628021240234,15.335219383239746
15.185724258422852,15.078743934631348
14.363273620605469,16.061399459838867
15.050141334533691,14.66130256652832
14.725919723510742,14.916152000427246
15.10773754119873,14.769023895263672
14.316225051879883,15.863439559936523
15.087361335754395,15.0439453125
14.81093978881836,14.557656288146973
14.260139465332031,14.405829429626465
14.679874420166016,15.284662246704102
14.606355667114258,15.076225280761719
14.156698226928711,15.054147720336914
15.216218948364258,14.911064147949219
15.520890235900879,15.351503372192383
14.578234672546387,14.903449058532715
15.004537582397461,15.448169708251953
14.763591766357422,15.471179008483887
14.051199913024902,14.979412078857422
14.615888595581055,15.156335830688477
17.092174530029297,15.124909400939941
16.177780151367188,15.67535400390625
14.883807182312012,14.330972671508789
15.12027645111084,14.332810401916504
15.271808624267578,15.51744270324707
14.553387641906738,15.212455749511719
14.646206855773926,15.11744499206543
14.094391822814941,14.977193832397461
14.45339584350586,14.651741027832031
16.47591781616211,15.753512382507324
15.0540771484375,15.005167961120605
14.80457878112793,15.030071258544922
14.892712593078613,15.388069152832031
15.022489547729492,14.74779987335205
15.56231689453125,14.837761878967285
14.388550758361816,15.084470748901367
14.494163513183594,14.89615249633789
14.18034839630127,15.588676452636719
14.853464126586914,14.96168041229248
15.060724258422852,15.161697387695312
14.712175369262695,15.314220428466797
14.124319076538086,15.259490013122559
14.820682525634766,15.044134140014648
14.756217956542969,15.159065246582031
14.078411102294922,15.116283416748047
15.751211166381836,15.46312141418457
15.606245040893555,14.873333930969238
14.641610145568848,14.92840576171875
15.194072723388672,15.238865852355957
14.913552284240723,15.221158027648926
14.899348258972168,15.382912635803223
14.354789733886719,15.010217666625977
15.927534103393555,15.121549606323242
15.294504165649414,15.392035484313965
15.290271759033203,15.428418159484863
14.981832504272461,14.951685905456543
14.792695999145508,15.240967750549316
14.414316177368164,15.387593269348145
15.577970504760742,15.495786666870117
14.583093643188477,15.782449722290039
14.892595291137695,14.799405097961426
15.472067832946777,14.942663192749023
14.557893753051758,14.962529182434082
13.9614896774292,15.075031280517578
14.880815505981445,14.806239128112793
17.12078285217285,15.255675315856934
14.323871612548828,15.33217716217041
14.833560943603516,15.00467586517334
14.77172565460205,16.19774627685547
14.906109809875488,16.370567321777344
14.86491584777832,16.32544708251953
14.466068267822266,15.092403411865234
14.917588233947754,14.32166576385498
14.895318984985352,15.346200942993164
14.437067031860352,15.119154930114746
14.77823257446289,15.229135513305664
14.449714660644531,15.082427024841309
15.745118141174316,15.552342414855957
14.69148063659668,15.470707893371582
14.904666900634766,15.031978607177734
14.779085159301758,15.219649314880371
14.52079963684082,15.29299545288086
14.639631271362305,15.129475593566895
15.746697425842285,15.43384838104248
16.1683406829834,15.841426849365234
15.052932739257812,15.516769409179688
15.401947021484375,15.459036827087402
15.709127426147461,15.052451133728027
14.910250663757324,15.366668701171875
14.770225524902344,15.111140251159668
14.960057258605957,14.640100479125977
15.29908275604248,15.211246490478516
15.132143020629883,15.00112247467041
14.63284683227539,14.468035697937012
14.636642456054688,15.5430326461792
14.739412307739258,14.8129301071167
15.348847389221191,15.140703201293945
14.57644271850586,14.747408866882324
15.153510093688965,14.857644081115723
14.438971519470215,15.127299308776855
14.610101699829102,15.09019660949707
15.135791778564453,14.854593276977539
15.298320770263672,14.950521469116211
15.59901237487793,15.595075607299805
15.222343444824219,15.083967208862305
14.217512130737305,15.14503002166748
14.807636260986328,14.341135025024414
14.866276741027832,15.372976303100586
14.805305480957031,15.124303817749023
14.388692855834961,15.414996147155762
15.607698440551758,15.108002662658691
14.323921203613281,14.65274429321289
15.088491439819336,15.232698440551758
14.816728591918945,15.42554759979248
15.116381645202637,15.209883689880371
14.94876480102539,14.91054630279541
14.384062767028809,14.869364738464355
14.889333724975586,15.029518127441406
14.97513198852539,14.891138076782227
15.605972290039062,14.998727798461914
14.964054107666016,15.41649055480957
14.929998397827148,15.076469421386719
15.180632591247559,15.595467567443848
14.703352928161621,14.437955856323242
14.781580924987793,15.629685401916504
15.741206169128418,14.734299659729004
14.756343841552734,15.157963752746582
14.310110092163086,14.401329040527344
15.573084831237793,15.195704460144043
15.052019119262695,15.844545364379883
15.143653869628906,14.787036895751953
14.999757766723633,15.221410751342773
14.844306945800781,15.21204948425293
14.388589859008789,15.596383094787598
14.657440185546875,15.40853214263916
14.735397338867188,14.835342407226562
14.637897491455078,15.597869873046875
15.130339622497559,14.434883117675781
15.057376861572266,15.531291961669922
15.220083236694336,15.126204490661621
15.26712703704834,14.919753074645996
14.513274192810059,15.023909568786621
14.782039642333984,15.097088813781738
15.206324577331543,15.292428970336914
14.393789291381836,14.703495025634766
14.990857124328613,14.697087287902832
14.877351760864258,14.924209594726562
14.458086967468262,14.933027267456055
14.504764556884766,15.082283020019531
15.080465316772461,14.562652587890625
14.493754386901855,15.570497512817383
14.291094779968262,15.5272798538208
14.899735450744629,15.040050506591797
14.515852928161621,15.170095443725586
15.443473815917969,16.129638671875
15.556892395019531,15.39654541015625
15.278753280639648,15.091166496276855
14.734701156616211,14.941767692565918
14.34514331817627,15.196962356567383
14.983254432678223,15.0269775390625
14.943120002746582,14.934000968933105
14.604178428649902,15.457630157470703
14.705545425415039,15.249954223632812
15.3206787109375,15.107422828674316
15.020984649658203,15.115072250366211
14.888320922851562,15.018139839172363
15.174236297607422,15.16031551361084
15.001382827758789,15.122281074523926
14.938937187194824,15.389914512634277
14.775947570800781,15.355401992797852
15.144956588745117,15.162233352661133
14.651971817016602,14.987428665161133
14.496545791625977,15.22583293914795
14.35926628112793,15.151341438293457
14.659936904907227,15.804851531982422
14.258474349975586,15.448707580566406
14.843652725219727,15.118383407592773
14.742762565612793,15.292532920837402
15.033441543579102,14.714672088623047
14.279268264770508,14.850576400756836
14.829904556274414,15.096853256225586
14.19626235961914,15.191976547241211
14.161273002624512,14.830158233642578
15.073904037475586,15.283354759216309
14.386619567871094,15.288217544555664
15.35019588470459,15.24772834777832
15.543251991271973,14.682121276855469
14.641660690307617,15.721986770629883
15.247072219848633,15.257454872131348
14.674355506896973,15.381865501403809
14.13966178894043,15.199481010437012
15.099737167358398,14.685193061828613
14.663198471069336,15.138805389404297
15.153497695922852,15.341327667236328
14.556208610534668,15.04304313659668
14.690651893615723,15.575774192810059
14.442415237426758,15.759739875793457
14.892739295959473,15.30526065826416
14.92496395111084,15.446671485900879
14.249732971191406,14.553653717041016
15.694799423217773,15.452415466308594
14.204999923706055,14.763184547424316
14.252497673034668,15.609884262084961
14.712274551391602,14.607904434204102
15.163636207580566,15.183889389038086
15.70224666595459,15.711128234863281
14.875829696655273,15.560794830322266
14.479376792907715,15.324373245239258
14.386720657348633,15.18685531616211
15.406302452087402,14.497949600219727
14.929348945617676,15.442924499511719
14.959060668945312,15.203991889953613
14.49643325805664,15.581573486328125
14.397573471069336,15.101728439331055
14.795134544372559,15.053963661193848
14.583267211914062,14.840221405029297
15.18871021270752,14.903423309326172
14.505060195922852,15.365606307983398
14.541984558105469,15.303888320922852
14.813899993896484,14.856679916381836
15.381711959838867,14.945854187011719
14.40820026397705,15.148233413696289
15.085528373718262,15.722733497619629
14.82577133178711,15.179990768432617
14.617176055908203,14.913491249084473
14.709508895874023,14.98570442199707
15.273794174194336,15.606857299804688
14.690807342529297,14.60399055480957
14.533697128295898,14.825791358947754
14.151878356933594,15.195642471313477
15.136777877807617,15.598548889160156
15.582866668701172,15.518178939819336
14.54086971282959,15.427740097045898
14.843368530273438,14.988929748535156
15.61741828918457,14.638840675354004
14.617958068847656,15.049901008605957
14.481571197509766,14.458144187927246
15.023811340332031,15.679835319519043
15.147104263305664,15.141674041748047
15.283135414123535,14.745344161987305
15.122600555419922,15.268394470214844
14.558003425598145,15.511362075805664
14.447583198547363,15.674579620361328
14.158411026000977,15.398353576660156
14.609783172607422,15.55233097076416
15.2802734375,14.635013580322266
15.096543312072754,15.290321350097656
14.548418045043945,15.27392864227295
14.424575805664062,14.97857666015625
15.030485153198242,14.832743644714355
14.708357810974121,14.998954772949219
14.917513847351074,14.623367309570312
15.447998046875,15.427543640136719
14.903482437133789,14.984243392944336
14.880979537963867,15.152841567993164
14.465481758117676,15.259544372558594
15.4718656539917,14.830021858215332
14.630159378051758,15.641727447509766
14.45904541015625,15.218414306640625
14.946418762207031,14.86821460723877
14.26986312866211,14.974030494689941
14.879922866821289,15.370431900024414
14.66618537902832,15.368968963623047
15.046436309814453,14.393680572509766
15.12165641784668,15.054340362548828
15.522451400756836,16.130088806152344
14.667914390563965,14.356203079223633
15.297784805297852,16.151121139526367
14.35000991821289,14.916136741638184
14.41770076751709,15.21061897277832
15.747726440429688,15.547209739685059
14.937640190124512,15.399453163146973
14.357816696166992,14.837691307067871
15.295820236206055,15.315797805786133
14.966262817382812,14.477258682250977
15.522459983825684,15.252187728881836
15.411279678344727,15.370206832885742
15.05688762664795,15.048744201660156
15.133487701416016,15.399717330932617
15.334121704101562,15.637823104858398
15.067414283752441,15.045486450195312
16.085309982299805,14.403109550476074
15.10639762878418,14.905008316040039
14.438647270202637,15.548871994018555
14.653573036193848,14.190200805664062
16.532344818115234,15.40005111694336
14.793543815612793,15.22815227508545
14.900556564331055,15.554052352905273
15.275384902954102,15.480501174926758
14.946517944335938,15.599690437316895
15.796270370483398,15.267789840698242
15.550111770629883,15.012779235839844
15.121423721313477,15.757185935974121
15.053091049194336,15.868939399719238
14.953754425048828,15.16565990447998
14.33330249786377,15.086816787719727
15.070355415344238,14.861572265625
15.234457015991211,15.115039825439453
14.479148864746094,15.159326553344727
14.420207977294922,14.998844146728516
14.71744155883789,14.70518970489502
15.338067054748535,14.523239135742188
14.29025936126709,14.583938598632812
14.560508728027344,15.07208251953125
15.259214401245117,15.049667358398438
15.286794662475586,14.866182327270508
14.597009658813477,15.761014938354492
14.753572463989258,15.270729064941406
14.672978401184082,15.350826263427734
15.24885368347168,15.605073928833008
14.706924438476562,14.887300491333008
14.88025951385498,14.845087051391602
14.746706008911133,14.467119216918945
14.706775665283203,15.032181739807129
15.851797103881836,15.489108085632324
14.452703475952148,15.157076835632324
14.712952613830566,14.900276184082031
14.751005172729492,15.46479320526123
14.393590927124023,15.003135681152344
14.385957717895508,14.78881549835205
13.881633758544922,15.314581871032715
14.472248077392578,14.87220287322998
14.276884078979492,15.403644561767578
14.983649253845215,14.92463493347168
14.944925308227539,15.137412071228027
14.83919906616211,14.242090225219727
14.354318618774414,14.904928207397461
14.44858455657959,14.742796897888184
14.278854370117188,14.70384407043457
14.811723709106445,15.278353691101074
14.51252555847168,15.096786499023438
15.254477500915527,15.159330368041992
14.459144592285156,15.185757637023926
15.086468696594238,15.169918060302734
15.212873458862305,14.636345863342285
14.400838851928711,14.833573341369629
14.432376861572266,14.704566955566406
14.610786437988281,14.799043655395508
15.29257583618164,14.807836532592773
14.942962646484375,15.005555152893066
14.352006912231445,15.005460739135742
15.091127395629883,15.47134780883789
15.300714492797852,15.451778411865234
15.17162036895752,15.435975074768066
15.222347259521484,14.919833183288574
14.730348587036133,15.13273811340332
14.261420249938965,15.200328826904297
14.809865951538086,15.394889831542969
15.08084487915039,15.25952434539795
14.766544342041016,15.451120376586914
15.483036041259766,15.20903205871582
14.759920120239258,15.466925621032715
15.223159790039062,15.060235023498535
14.907575607299805,15.136645317077637
15.533723831176758,15.404458045959473
15.596071243286133,15.186175346374512
14.863778114318848,15.11990737915039
14.789227485656738,15.591371536254883
14.237384796142578,15.225452423095703
14.439436912536621,14.630979537963867
14.906153678894043,14.880486488342285
14.88961124420166,15.12228775024414
14.574377059936523,15.238055229187012
14.406991958618164,15.048842430114746
15.030264854431152,15.337932586669922
15.44369888305664,15.205451011657715
14.390060424804688,15.05173110961914
14.942998886108398,15.066546440124512
17.05586814880371,14.597415924072266
16.296056747436523,15.19039249420166
14.394102096557617,15.16716480255127
14.729393005371094,14.511052131652832
14.744256973266602,14.75551700592041
14.361945152282715,15.242100715637207
14.516691207885742,15.457533836364746
14.830150604248047,15.308361053466797
14.648361206054688,15.568872451782227
14.95838451385498,15.140754699707031
15.218127250671387,14.820846557617188
16.21906280517578,15.75583267211914
14.611141204833984,16.870849609375
14.63880729675293,15.454991340637207
14.598122596740723,15.34008502960205
15.501906394958496,14.942697525024414
15.212923049926758,15.223814010620117
14.343158721923828,15.465561866760254
15.06171703338623,15.352248191833496
14.498030662536621,15.716670989990234
15.345783233642578,15.038982391357422
14.343403816223145,15.253798484802246
14.968954086303711,15.725401878356934
15.100963592529297,14.926641464233398
14.288084030151367,14.437702178955078
14.948820114135742,15.487089157104492
14.46154499053955,15.109914779663086
15.283233642578125,14.501508712768555
14.13319206237793,15.55655574798584
14.939234733581543,14.920979499816895
15.195606231689453,14.388164520263672
15.155413627624512,15.151570320129395
14.868518829345703,15.205625534057617
14.357619285583496,15.252914428710938
15.212950706481934,15.05777359008789
16.06774139404297,14.816567420959473
14.950484275817871,15.025652885437012
15.129840850830078,14.888404846191406
14.801566123962402,14.465536117553711
14.74683952331543,15.288568496704102
14.668486595153809,15.946351051330566
15.586114883422852,14.396890640258789
15.19929027557373,15.374320983886719
14.38640022277832,14.657974243164062
14.777978897094727,14.732240676879883
14.81027889251709,15.222247123718262
14.59516716003418,15.31658935546875
14.600799560546875,15.358182907104492
14.351478576660156,14.777772903442383
15.188299179077148,15.84837532043457
17.3083553314209,15.336414337158203
14.68263053894043,15.491205215454102
15.598695755004883,15.172786712646484
14.690939903259277,15.069812774658203
17.95053482055664,15.036527633666992
14.61206340789795,15.171524047851562
15.172520637512207,15.01944637298584
14.901975631713867,15.312660217285156
14.855684280395508,15.678430557250977
15.037239074707031,15.196048736572266
14.916540145874023,15.004707336425781
14.400233268737793,15.327816009521484
14.938741683959961,15.293971061706543
15.204646110534668,14.526959419250488
14.144659996032715,14.957256317138672
15.308544158935547,15.14975643157959
15.089319229125977,14.857345581054688
14.398193359375,15.019096374511719
14.535877227783203,15.161651611328125
14.64327335357666,15.150954246520996
15.07000732421875,14.899903297424316
15.007987976074219,14.980133056640625
15.010286331176758,15.012517929077148
15.053462028503418,15.366150856018066
15.079900741577148,15.27631664276123
14.64909839630127,15.672718048095703
14.800189971923828,14.734700202941895
15.069791793823242,15.352459907531738
16.402265548706055,14.808099746704102
14.379127502441406,15.164667129516602
14.918434143066406,14.97989273071289
14.13498306274414,15.544180870056152
14.787093162536621,15.3694429397583
14.327735900878906,15.790436744689941
15.312042236328125,15.034429550170898
16.392818450927734,14.872882843017578
14.469858169555664,14.87381362915039
14.661800384521484,14.463764190673828
14.67834758758545,15.453154563903809
14.584345817565918,16.9462947845459
15.086828231811523,15.644615173339844
14.433375358581543,15.204771041870117
14.60135555267334,14.502123832702637
15.488889694213867,14.996055603027344
14.450952529907227,15.00764274597168
14.452529907226562,14.401927947998047
14.926773071289062,15.145709991455078
14.766712188720703,15.447120666503906
15.125823974609375,14.932049751281738
14.685894012451172,15.409940719604492
14.713546752929688,15.253390312194824
15.032411575317383,15.251354217529297
14.946763038635254,15.276689529418945
14.130084037780762,15.34885025024414
14.608062744140625,15.031774520874023
15.012617111206055,15.544046401977539
15.062328338623047,15.010220527648926
14.863466262817383,14.669713973999023
15.576621055603027,14.89851188659668
14.656517028808594,15.097213745117188
14.150093078613281,15.943517684936523
15.148977279663086,14.548653602600098
14.795637130737305,15.260696411132812
15.082976341247559,15.202768325805664
14.682504653930664,15.133527755737305
14.46296501159668,15.408432960510254
15.38599967956543,15.076032638549805
15.079127311706543,14.820233345031738
15.007786750793457,15.10162353515625
14.845736503601074,15.7334623336792
16.930660247802734,14.951715469360352
14.849421501159668,15.439254760742188
15.759937286376953,14.239319801330566
14.917689323425293,14.576077461242676
14.757410049438477,14.912355422973633
15.093907356262207,15.074087142944336
14.349645614624023,15.321237564086914
14.50250244140625,15.288416862487793
16.12921142578125,15.083650588989258
14.981165885925293,14.98090934753418
15.837047576904297,14.850889205932617
14.840424537658691,15.047470092773438
15.007828712463379,14.828668594360352
14.701597213745117,15.128607749938965
15.022168159484863,15.321996688842773
14.204610824584961,15.41989517211914
14.874361038208008,14.965394973754883
15.124059677124023,14.4313383102417
15.211105346679688,15.591058731079102
15.49101448059082,14.255852699279785
16.197429656982422,15.278444290161133
14.826684951782227,15.503878593444824
14.669052124023438,14.987749099731445
14.593441009521484,15.40986156463623
15.530281066894531,15.396657943725586
15.789626121520996,15.271074295043945
15.182503700256348,14.743905067443848
14.855951309204102,14.778973579406738
15.208765029907227,15.120321273803711
15.05390453338623,14.574649810791016
15.045995712280273,15.457826614379883
14.502029418945312,14.997608184814453
15.062339782714844,15.283262252807617
14.45986270904541,15.487738609313965
14.88959789276123,15.485589027404785
15.178689956665039,14.860721588134766
14.653812408447266,15.566253662109375
14.479482650756836,17.451868057250977
15.544918060302734,14.602253913879395
15.097726821899414,14.866716384887695
14.408859252929688,15.35312557220459
14.655238151550293,15.470239639282227
14.535320281982422,15.640365600585938
14.707439422607422,14.387020111083984
15.038607597351074,15.165655136108398
14.693154335021973,14.710836410522461
14.860345840454102,14.798049926757812
15.024794578552246,14.464923858642578
14.92094612121582,15.02138900756836
14.826987266540527,15.334856033325195
14.268060684204102,15.608451843261719
15.072200775146484,15.53619384765625
14.311654090881348,15.514178276062012
15.04149055480957,15.425312042236328
14.513063430786133,15.604589462280273
14.869258880615234,15.496322631835938
14.485454559326172,15.59754753112793
14.30197811126709,14.87877082824707
15.098127365112305,15.523420333862305
14.716207504272461,14.816328048706055
15.153225898742676,15.589923858642578
14.944025993347168,14.819046974182129
14.86937141418457,14.695014953613281
14.822202682495117,15.26484489440918
15.0093355178833,15.305391311645508
15.423413276672363,15.098487854003906
15.697454452514648,15.22869873046875
15.23633098602295,15.905959129333496
15.006782531738281,14.705848693847656
14.666016578674316,15.134624481201172
14.39675521850586,15.061464309692383
14.457174301147461,15.213382720947266
14.208456039428711,15.351821899414062
14.566925048828125,15.381507873535156
15.398338317871094,14.467260360717773
15.050409317016602,14.876487731933594
14.587018013000488,14.80832290649414
15.556417465209961,14.855576515197754
14.992666244506836,14.95333480834961
14.706756591796875,14.453804016113281
14.566509246826172,14.750079154968262
14.577230453491211,14.745224952697754
15.756741523742676,15.24099349975586
15.16196060180664,14.694064140319824
15.79803466796875,15.135404586791992
15.041205406188965,15.098409652709961
15.022477149963379,14.85009765625
15.291021347045898,15.207489967346191
15.07725715637207,15.50908088684082
14.989715576171875,14.983380317687988
15.379671096801758,15.596892356872559
15.012723922729492,14.928204536437988
14.464170455932617,15.239191055297852
14.991870880126953,15.132474899291992
14.78656005859375,15.045156478881836
15.30677318572998,14.681361198425293
15.00360107421875,14.701603889465332
14.618619918823242,15.203245162963867
15.109170913696289,15.187989234924316
14.764507293701172,15.008018493652344
15.035300254821777,15.331046104431152
14.934623718261719,15.558584213256836
14.411623001098633,14.878765106201172
14.941047668457031,14.767756462097168
15.425472259521484,15.021737098693848
15.397436141967773,15.042064666748047
15.310243606567383,15.013208389282227
14.667242050170898,15.553165435791016
14.498473167419434,15.45925235748291
14.00223159790039,14.992549896240234
14.673396110534668,14.47136116027832
15.221077919006348,14.809486389160156
15.741711616516113,15.685831069946289
14.725982666015625,14.9993896484375
15.089815139770508,15.320103645324707
15.048839569091797,14.965149879455566
14.736863136291504,14.869331359863281
14.715204238891602,14.749427795410156
14.499639511108398,15.022308349609375
14.759153366088867,14.608448028564453
15.588046073913574,15.712686538696289
14.457818984985352,15.352335929870605
14.448192596435547,15.254555702209473
15.017766952514648,14.792196273803711
14.490142822265625,14.736324310302734
15.316393852233887,14.605550765991211
14.321532249450684,15.355158805847168
15.219259262084961,14.985821723937988
15.181289672851562,14.960089683532715
15.574851989746094,15.319793701171875
14.647677421569824,15.133574485778809
14.61836051940918,15.544157028198242
15.124542236328125,15.414996147155762
14.07585334777832,15.227483749389648
14.443108558654785,14.982940673828125
14.474143981933594,15.401334762573242
14.613374710083008,15.412545204162598
15.088972091674805,15.442867279052734
15.502973556518555,15.716166496276855
14.498953819274902,14.482707977294922
14.940191268920898,15.41023063659668
14.644330978393555,15.527236938476562
14.369405746459961,15.615041732788086
14.804689407348633,14.367064476013184
14.954794883728027,15.199864387512207
14.79051399230957,14.717724800109863
14.674726486206055,15.038455963134766
14.943475723266602,15.180545806884766
15.039260864257812,14.944087982177734
14.778030395507812,15.626708030700684
14.876296043395996,15.1673583984375
14.211895942687988,15.372957229614258
14.424667358398438,15.471406936645508
15.857889175415039,15.21286678314209
14.710515975952148,14.906110763549805
14.22706413269043,15.694013595581055
14.833391189575195,15.018556594848633
15.102916717529297,15.191734313964844
14.868592262268066,15.159422874450684
14.387476921081543,15.101034164428711
14.542399406433105,15.121469497680664
14.58051586151123,14.88223934173584
14.564652442932129,14.899358749389648
14.170199394226074,15.281868934631348
14.750280380249023,15.000097274780273
15.11789321899414,15.173784255981445
14.903240203857422,15.238137245178223
14.252420425415039,15.15895938873291
14.810941696166992,14.92066478729248
14.754121780395508,15.566045761108398
14.497657775878906,14.60122299194336
15.042706489562988,15.253313064575195
14.659500122070312,15.220518112182617
14.781760215759277,15.300179481506348
14.97288703918457,15.893378257751465
15.344106674194336,14.988641738891602
15.393507957458496,15.053133010864258
14.964639663696289,14.92051887512207
15.166973114013672,15.090775489807129
15.128396987915039,14.915281295776367
15.192618370056152,14.642219543457031
14.937841415405273,15.233182907104492
14.642911911010742,14.927367210388184
15.001391410827637,15.457859992980957
14.34262466430664,14.879478454589844
14.625181198120117,14.315546035766602
14.292837142944336,14.983194351196289
15.354029655456543,14.85558795928955
15.05630111694336,15.175976753234863
14.401012420654297,15.286055564880371
13.97101879119873,15.029845237731934
15.411968231201172,14.84154987335205
14.451321601867676,15.431198120117188
14.896604537963867,15.12460708618164
14.350648880004883,14.757662773132324
14.438370704650879,15.393234252929688
14.568276405334473,15.054207801818848
14.932293891906738,14.674230575561523
15.01679801940918,15.441007614135742
14.724653244018555,14.714479446411133
14.989019393920898,15.120427131652832
15.432405471801758,15.021183967590332
14.821843147277832,15.487290382385254
14.972734451293945,15.387258529663086
14.486778259277344,15.995504379272461
15.213043212890625,14.709197044372559
15.07213020324707,15.271480560302734
15.172475814819336,15.722147941589355
14.105195999145508,15.230168342590332
15.05133056640625,15.014944076538086
14.714288711547852,15.074721336364746
14.951711654663086,14.899859428405762
15.159335136413574,14.793973922729492
14.954065322875977,15.563404083251953
15.052604675292969,14.914255142211914
15.143831253051758,15.633016586303711
14.776126861572266,14.865068435668945
15.400325775146484,14.690004348754883
15.134483337402344,15.840618133544922
14.497652053833008,14.68856430053711
15.064266204833984,17.172264099121094
14.935626029968262,15.359161376953125
15.31735610961914,14.900656700134277
14.156599044799805,15.20921516418457
14.538711547851562,14.989645004272461
15.234244346618652,14.710163116455078
14.894659042358398,15.496122360229492
14.983619689941406,15.282164573669434
14.600141525268555,15.231212615966797
15.58134651184082,15.573758125305176
14.70341968536377,15.303886413574219
15.081897735595703,14.954166412353516
14.58128547668457,14.937707901000977
14.466547966003418,14.659226417541504
14.914144515991211,14.814226150512695
15.431764602661133,15.070405006408691
15.971019744873047,14.763139724731445
14.7119140625,15.224650382995605
14.669841766357422,15.165002822875977
14.593974113464355,14.539777755737305
14.499080657958984,15.597676277160645
14.294636726379395,15.29228401184082
14.326072692871094,15.155306816101074
15.392069816589355,15.2797212600708
14.169879913330078,15.189226150512695
14.59509563446045,17.305736541748047
14.991397857666016,15.233598709106445
14.450187683105469,15.141748428344727
14.991196632385254,15.431055068969727
14.54216194152832,15.508249282836914
15.014272689819336,15.311809539794922
16.59164047241211,14.986897468566895
15.016117095947266,15.422935485839844
14.62812614440918,15.680561065673828
14.487064361572266,15.71822738647461
14.916210174560547,14.183808326721191
14.965934753417969,15.465378761291504
15.068359375,14.931365013122559
14.313831329345703,15.348991394042969
14.240682601928711,14.935561180114746
14.50947380065918,14.931106567382812
14.382603645324707,14.940173149108887
15.981151580810547,14.954137802124023
14.833979606628418,15.39887523651123
14.334672927856445,14.962008476257324
16.185897827148438,14.708480834960938
14.899394989013672,15.52999496459961
14.376080513000488,14.928733825683594
14.146151542663574,15.5704927444458
14.228434562683105,15.285377502441406
14.852391242980957,15.159454345703125
14.815624237060547,14.97839641571045
15.839929580688477,14.736573219299316
14.901529312133789,14.450968742370605
15.428887367248535,14.459932327270508
14.780685424804688,14.402006149291992
14.459885597229004,15.120735168457031
14.467984199523926,15.121747970581055
14.478166580200195,15.127788543701172
15.316503524780273,14.87385368347168
14.503324508666992,15.601444244384766
14.661001205444336,15.15258502960205
15.1652250289917,16.342859268188477
15.03912353515625,14.75568962097168
15.551923751831055,14.755829811096191
14.623523712158203,15.28454303741455
14.762689590454102,16.180219650268555
14.609731674194336,14.569662094116211
16.0207462310791,15.438196182250977
14.491005897521973,15.161767959594727
16.603836059570312,16.78378677368164
14.577844619750977,15.392414093017578
14.936915397644043,15.226633071899414
14.643546104431152,15.006879806518555
14.8242826461792,15.215110778808594
15.249208450317383,14.841109275817871
15.022666931152344,15.496933937072754
15.066192626953125,15.208861351013184
14.921945571899414,14.744888305664062
15.48710823059082,15.227779388427734
14.61726188659668,14.476021766662598
15.691023826599121,14.999086380004883
14.896039009094238,15.57239055633545
15.060318946838379,15.697136878967285
15.585369110107422,15.529911994934082
15.212320327758789,15.01386833190918
15.246341705322266,15.149879455566406
15.739526748657227,15.670442581176758
14.59621524810791,15.313159942626953
14.727200508117676,15.535399436950684
14.88715648651123,15.194353103637695
14.292877197265625,15.086454391479492
15.219313621520996,15.086691856384277
14.81476879119873,15.301896095275879
16.058887481689453,15.37591552734375
15.220121383666992,15.156230926513672
15.094583511352539,15.04544734954834
14.774629592895508,15.447498321533203
14.921525955200195,15.040854454040527
14.835797309875488,15.085527420043945
14.582879066467285,15.487778663635254
15.348045349121094,15.48649787902832
15.4535493850708,14.869922637939453
15.303376197814941,15.03471565246582
16.246511459350586,15.35670280456543
14.918501853942871,15.693961143493652
14.927773475646973,15.098653793334961
15.250382423400879,14.726371765136719
15.099434852600098,15.363822937011719
15.36198616027832,14.772453308105469
15.369314193725586,15.114355087280273
14.655292510986328,15.148061752319336
15.90791130065918,14.478545188903809
14.498470306396484,14.687963485717773
15.139087677001953,14.670513153076172
14.662647247314453,15.81627082824707
15.531335830688477,15.33981990814209
15.250702857971191,15.070374488830566
14.759679794311523,14.987358093261719
14.332634925842285,14.906866073608398
14.821343421936035,15.114133834838867
14.418607711791992,14.6549072265625
14.373746871948242,15.193892478942871
15.119142532348633,15.343981742858887
14.759065628051758,15.668754577636719
14.720829963684082,15.274742126464844
14.599119186401367,14.641294479370117
14.500818252563477,15.115528106689453
14.201333999633789,14.603321075439453
15.108026504516602,14.562675476074219
14.830026626586914,15.435163497924805
14.64537525177002,14.498682022094727
15.01171875,15.50627326965332
14.76394271850586,14.879423141479492
15.30239200592041,14.623739242553711
14.837373733520508,14.841663360595703
15.095057487487793,15.11811637878418
15.057721138000488,15.541585922241211
14.684213638305664,14.814340591430664
14.24046516418457,14.61175537109375
14.272430419921875,15.146201133728027
15.24651050567627,15.57595443725586
15.200972557067871,15.466348648071289
15.346454620361328,15.152351379394531
14.684922218322754,15.194766998291016
15.276594161987305,15.25107192993164
14.751693725585938,14.542749404907227
15.166231155395508,14.660725593566895
14.736422538757324,15.138602256774902
15.059682846069336,15.724108695983887
15.454258918762207,15.103935241699219
15.19272518157959,16.437883377075195
14.879709243774414,14.834526062011719
14.673188209533691,15.283302307128906
14.894769668579102,15.000287055969238
15.334997177124023,14.968979835510254
14.6634521484375,14.824286460876465
15.141590118408203,15.520360946655273
14.684368133544922,14.209903717041016
14.229015350341797,14.895232200622559
14.335538864135742,15.246444702148438
15.590867042541504,14.7772216796875
14.343461036682129,15.020029067993164
14.669134140014648,15.034497261047363
14.899709701538086,15.509528160095215
14.290546417236328,15.014129638671875
15.135486602783203,15.136889457702637
15.079540252685547,15.13538646697998
14.739999771118164,14.883210182189941
14.425500869750977,15.517394065856934
15.019439697265625,15.215578079223633
14.657217025756836,14.892489433288574
14.189085960388184,15.609980583190918
14.74669075012207,15.233924865722656
14.431468963623047,14.63890266418457
14.702800750732422,15.06319808959961
14.765684127807617,15.10057544708252
14.76633071899414,15.420552253723145
15.623279571533203,14.88191032409668
14.974664688110352,15.456486701965332
14.648090362548828,15.463632583618164
15.415803909301758,15.197729110717773
14.869792938232422,15.421000480651855
14.281767845153809,14.349839210510254
14.577033996582031,16.295000076293945
15.363289833068848,14.780363082885742
14.900825500488281,15.260066986083984
14.660733222961426,16.96857261657715
15.562078475952148,15.232562065124512
14.435515403747559,14.843709945678711
15.419710159301758,14.49916934967041
14.744599342346191,15.050214767456055
14.454980850219727,16.37225914001465
14.340177536010742,15.372207641601562
14.324835777282715,14.950616836547852
14.418463706970215,15.256256103515625
14.884777069091797,15.23226261138916
16.461118698120117,15.193758010864258
14.740216255187988,16.227523803710938
14.924142837524414,14.615699768066406
15.885899543762207,15.164876937866211
14.6813325881958,15.087472915649414
14.819297790527344,14.777664184570312
15.003425598144531,15.525461196899414
15.158889770507812,15.422624588012695
14.413660049438477,14.96802806854248
14.800467491149902,15.679370880126953
15.213393211364746,14.595053672790527
14.766651153564453,15.648512840270996
15.197440147399902,15.481993675231934
15.11248779296875,14.686052322387695
14.279958724975586,15.354510307312012
14.840104103088379,15.213884353637695
14.763469696044922,14.485828399658203
14.818265914916992,15.252007484436035
15.727020263671875,14.89328384399414
14.447790145874023,14.980846405029297
14.75494384765625,15.334756851196289
15.028358459472656,15.622469902038574
14.314655303955078,15.724249839782715
14.093064308166504,14.730802536010742
14.3522367477417,15.681509017944336
14.267647743225098,14.607198715209961
14.128990173339844,14.956050872802734
15.11541748046875,15.123741149902344
14.956939697265625,15.245573997497559
15.17949104309082,15.4293212890625
16.875484466552734,15.293962478637695
15.541208267211914,15.05068588256836
14.991340637207031,14.638129234313965
14.405494689941406,15.425060272216797
14.695006370544434,14.772335052490234
15.478351593017578,15.004435539245605
15.521241188049316,14.997239112854004
15.555477142333984,14.852065086364746
14.941099166870117,15.604365348815918
14.393259048461914,14.584217071533203
14.6933012008667,15.354036331176758
15.224990844726562,15.100614547729492
14.875198364257812,15.049476623535156
15.70150375366211,15.600883483886719
14.584525108337402,15.750190734863281
14.676708221435547,15.123529434204102
15.064300537109375,15.766992568969727
14.667825698852539,15.004199028015137
14.760339736938477,14.982096672058105
15.307249069213867,15.981100082397461
14.383888244628906,15.702651977539062
15.042980194091797,14.990568161010742
15.013504028320312,14.793539047241211
15.38756275177002,15.068568229675293
14.630306243896484,15.649736404418945
14.36241340637207,15.551942825317383
15.035795211791992,14.987606048583984
15.278093338012695,14.913373947143555
14.823079109191895,14.699413299560547
14.63753890991211,15.571330070495605
14.908632278442383,14.948814392089844
15.083158493041992,15.02081298828125
14.492961883544922,15.466334342956543
15.805254936218262,15.250005722045898
14.658414840698242,14.860011100769043
15.183733940124512,14.747507095336914
15.73776626586914,15.387084007263184
14.189042091369629,14.861418724060059
14.930177688598633,15.650934219360352
15.170100212097168,14.980714797973633
14.62508487701416,14.806317329406738
15.282094955444336,15.113531112670898
14.961668968200684,14.98717212677002
15.172402381896973,14.841547012329102
14.545560836791992,15.580759048461914
14.769940376281738,15.41517448425293
14.938820838928223,14.66545295715332
14.149979591369629,15.487247467041016
15.983596801757812,15.75688648223877
15.106657981872559,15.02911376953125
14.129144668579102,14.676830291748047
15.04581069946289,14.950237274169922
15.221354484558105,15.521673202514648
14.61098861694336,15.821020126342773
14.758862495422363,15.182966232299805
14.965452194213867,16.219444274902344
15.106311798095703,14.859853744506836
15.03239631652832,14.549680709838867
15.084152221679688,14.60582447052002
14.220745086669922,16.779882431030273
14.88230037689209,14.888898849487305
15.524426460266113,15.086618423461914
15.532780647277832,14.686588287353516
14.812477111816406,15.59217357635498
14.942415237426758,15.170639038085938
14.939334869384766,15.539132118225098
15.361583709716797,15.658378601074219
14.724966049194336,15.03597640991211
14.99186897277832,15.247367858886719
14.790410995483398,14.79224967956543
15.394327163696289,15.221822738647461
15.102811813354492,15.102371215820312
15.141054153442383,15.447504043579102
14.81224250793457,15.01817512512207
15.232244491577148,15.095632553100586
14.909584999084473,14.965398788452148
15.038777351379395,14.77181625366211
14.599567413330078,14.59127140045166
15.131103515625,15.35241985321045
14.493986129760742,15.127723693847656
14.937178611755371,15.789613723754883
16.812923431396484,14.69846248626709
14.638309478759766,14.911633491516113
14.5445556640625,14.741793632507324
15.031013488769531,15.187582015991211
14.423297882080078,15.687959671020508
14.936771392822266,15.081893920898438
15.388946533203125,15.417261123657227
15.063264846801758,14.30687141418457
14.209172248840332,15.060279846191406
15.257879257202148,15.277199745178223
14.950587272644043,14.9898681640625
14.662165641784668,15.198982238769531
15.487703323364258,15.103311538696289
15.264411926269531,14.805179595947266
14.880380630493164,14.999465942382812
14.737448692321777,15.487309455871582
15.159966468811035,15.15244197845459
15.048269271850586,14.428153991699219
15.068227767944336,15.504997253417969
14.433151245117188,15.4068603515625
15.281179428100586,15.662626266479492
14.738493919372559,15.331671714782715
14.438909530639648,14.920320510864258
14.559741020202637,14.576221466064453
14.946685791015625,15.673551559448242
14.72397232055664,15.326801300048828
14.881606101989746,15.291519165039062
14.492059707641602,14.651262283325195
14.667304992675781,14.895956039428711
14.813632011413574,15.155117988586426
14.944862365722656,15.496840476989746
14.557671546936035,15.490739822387695
14.602068901062012,15.423328399658203
14.935404777526855,14.942481994628906
14.562416076660156,15.24896240234375
14.686062812805176,14.87507152557373
14.630762100219727,15.344830513000488
15.012388229370117,15.038884162902832
15.461906433105469,14.933980941772461
15.04947280883789,15.556153297424316
15.01387882232666,14.699572563171387
14.907648086547852,14.69229507446289
14.711551666259766,14.883544921875
14.588916778564453,14.76076889038086
14.709226608276367,15.250800132751465
14.603439331054688,14.352911949157715
15.081927299499512,14.821348190307617
15.182510375976562,15.247124671936035
14.732118606567383,15.317815780639648
14.302383422851562,15.188539505004883
15.082016944885254,14.92684268951416
15.334680557250977,15.157866477966309
14.884650230407715,14.770483016967773
15.147233963012695,14.963011741638184
15.07472038269043,15.355291366577148
14.454151153564453,15.33343505859375
15.421133041381836,17.21591567993164
14.5985107421875,15.288525581359863
15.263900756835938,15.126039505004883
14.93293285369873,15.523280143737793
14.943941116333008,15.62493896484375
14.932168960571289,15.397039413452148
14.628765106201172,15.10728931427002
14.598873138427734,14.713232040405273
15.31903076171875,14.957159042358398
14.310640335083008,15.593631744384766
14.456960678100586,15.159488677978516
15.030936241149902,15.140477180480957
14.938316345214844,15.146184921264648
14.60268783569336,14.99759578704834
14.92507553100586,15.655126571655273
14.822097778320312,14.979780197143555
14.658188819885254,15.104931831359863
15.665169715881348,15.685628890991211
14.811497688293457,15.4720458984375
15.000391006469727,15.55427074432373
14.878438949584961,14.853153228759766
14.866344451904297,15.504130363464355
14.645183563232422,15.46562385559082
14.84965991973877,14.976508140563965
15.340339660644531,15.449115753173828
15.576595306396484,15.235782623291016
14.194802284240723,14.841194152832031
14.630060195922852,15.463672637939453
14.826159477233887,15.120759010314941
14.99439811706543,15.482794761657715
14.679347038269043,15.698030471801758
14.08243465423584,15.830114364624023
15.105925559997559,15.309335708618164
14.617537498474121,14.947745323181152
14.836418151855469,15.108826637268066
15.02514934539795,15.522502899169922
14.979127883911133,15.315654754638672
14.2710542678833,14.938203811645508
15.025976181030273,15.474462509155273
15.447900772094727,15.083050727844238
15.31004810333252,15.544560432434082
14.87197494506836,14.993282318115234
15.542089462280273,15.253162384033203
14.783525466918945,15.196279525756836
14.337635040283203,15.003744125366211
14.138622283935547,14.206722259521484
14.652771949768066,14.854412078857422
14.701728820800781,14.892251014709473
15.22912883758545,15.405719757080078
14.063714981079102,15.181073188781738
14.790790557861328,15.370305061340332
15.155498504638672,15.102775573730469
14.816385269165039,15.34041976928711
15.00849437713623,14.672096252441406
14.756064414978027,15.100931167602539
14.670825958251953,15.072647094726562
15.195154190063477,15.234855651855469
14.736705780029297,14.621976852416992
15.330587387084961,14.835919380187988
14.779630661010742,14.67108154296875
14.54520320892334,15.849315643310547
15.216371536254883,15.490726470947266
14.664616584777832,15.102399826049805
16.25206756591797,14.895870208740234
15.210103988647461,15.04686164855957
14.187044143676758,15.07221508026123
14.979793548583984,14.37777042388916
14.23062515258789,15.40516185760498
14.855441093444824,14.923114776611328
14.971244812011719,14.893485069274902
14.76693344116211,15.079573631286621
14.991979598999023,15.192305564880371
15.335332870483398,14.519694328308105
15.414098739624023,15.497580528259277
14.683791160583496,15.465607643127441
14.447443008422852,15.26497745513916
15.104764938354492,14.39573860168457
15.200118064880371,15.37983226776123
14.324366569519043,15.501708984375
15.05567455291748,15.528847694396973
14.576419830322266,15.574889183044434
15.19833755493164,15.914939880371094
14.99892520904541,15.473694801330566
14.226072311401367,14.36848258972168
14.687836647033691,15.172739028930664
14.811800956726074,15.322059631347656
15.419349670410156,15.217008590698242
15.386372566223145,14.396787643432617
14.061714172363281,15.775125503540039
14.331768035888672,15.162806510925293
15.72439193725586,15.233119010925293
15.332195281982422,14.732376098632812
14.588275909423828,14.986391067504883
15.128271102905273,14.48326301574707
14.885847091674805,15.656400680541992
15.452303886413574,15.085482597351074
14.64177417755127,15.223749160766602
14.935955047607422,14.828079223632812
14.451241493225098,15.150184631347656
16.125736236572266,15.815797805786133
14.224520683288574,15.628190994262695
15.066160202026367,15.054974555969238
15.190122604370117,14.57378101348877
14.912943840026855,15.239537239074707
14.971488952636719,14.926251411437988
14.71195125579834,14.721860885620117
14.89418888092041,14.552347183227539
14.489299774169922,15.426895141601562
14.787677764892578,15.54182243347168
14.738762855529785,14.727067947387695
14.270669937133789,14.925546646118164
15.318277359008789,15.087288856506348
14.947720527648926,14.60169792175293
15.047511100769043,15.535201072692871
14.578727722167969,15.14286994934082
14.805992126464844,15.33088493347168
14.628300666809082,15.39847183227539
14.666328430175781,14.756092071533203
15.036040306091309,15.198934555053711
14.780006408691406,15.553279876708984
14.182158470153809,14.670978546142578
15.262659072875977,15.055139541625977
15.71198844909668,14.583194732666016
14.352184295654297,15.050941467285156
14.898499488830566,15.305538177490234
15.423271179199219,16.427465438842773
14.910411834716797,15.510138511657715
15.283674240112305,15.766977310180664
14.935599327087402,15.213667869567871
15.447318077087402,15.394621849060059
14.031092643737793,16.11530876159668
14.396920204162598,15.083786964416504
14.849541664123535,15.304699897766113
14.66775131225586,15.321627616882324
14.733026504516602,15.518205642700195
15.433267593383789,14.539280891418457
15.054022789001465,15.150054931640625
14.602778434753418,15.015551567077637
14.791641235351562,14.627269744873047
14.49570083618164,15.528024673461914
14.57558822631836,14.920439720153809
14.756961822509766,15.281530380249023
14.700067520141602,15.082111358642578
14.306069374084473,15.104557037353516
15.373461723327637,15.35114574432373
15.10983943939209,15.27366828918457
15.376693725585938,14.676626205444336
14.487860679626465,15.077241897583008
15.663716316223145,15.010671615600586
14.81476879119873,15.107856750488281
15.348617553710938,15.262024879455566
14.921592712402344,15.303790092468262
14.837532043457031,14.58707332611084
14.607525825500488,14.80224895477295
15.937538146972656,14.873074531555176
14.53671646118164,15.039220809936523
14.343810081481934,14.903358459472656
14.990144729614258,15.394999504089355
14.330141067504883,15.096248626708984
14.192240715026855,15.377596855163574
15.346571922302246,15.000487327575684
14.658793449401855,14.70524787902832
17.02011489868164,15.063192367553711
14.401571273803711,15.071687698364258
14.894121170043945,15.144625663757324
14.809728622436523,15.317333221435547
14.595756530761719,15.341148376464844
14.561984062194824,14.63172721862793
14.382711410522461,17.08563232421875
14.720605850219727,15.456319808959961
15.742877006530762,15.206296920776367
15.008418083190918,14.987268447875977
15.433636665344238,14.584060668945312
14.298095703125,15.49366569519043
14.383678436279297,15.620231628417969
14.912793159484863,15.669111251831055
14.759318351745605,15.371984481811523
15.478076934814453,14.881072998046875
16.35892105102539,14.733945846557617
15.661462783813477,15.64756965637207
14.552525520324707,14.473363876342773
14.678199768066406,15.137777328491211
15.064214706420898,15.03453540802002
14.654739379882812,15.308551788330078
14.560417175292969,15.173070907592773
14.604730606079102,14.895950317382812
15.29123592376709,14.662567138671875
15.379034996032715,15.187859535217285
14.659368515014648,14.799854278564453
14.437922477722168,15.807180404663086
15.174980163574219,15.127697944641113
14.777717590332031,15.554986000061035
15.062580108642578,15.528532028198242
15.068511962890625,14.784128189086914
14.796195030212402,15.083523750305176
15.711859703063965,14.699259757995605
14.950982093811035,14.821065902709961
15.77096939086914,14.761059761047363
16.843271255493164,15.110435485839844
14.717142105102539,15.524320602416992
14.606664657592773,14.852394104003906
16.347835540771484,16.005481719970703
15.254899978637695,14.795585632324219
14.21238899230957,15.514404296875
15.974580764770508,15.215974807739258
14.755352973937988,15.198397636413574
15.29840087890625,15.28392219543457
14.953691482543945,15.07403564453125
14.862093925476074,15.121475219726562
15.286890029907227,15.284648895263672
14.935314178466797,15.285988807678223
14.936355590820312,15.047964096069336
14.509974479675293,15.383549690246582
14.31323528289795,14.892207145690918
14.74986457824707,14.809358596801758
14.515429496765137,15.097993850708008
15.186104774475098,15.091745376586914
15.113487243652344,15.405508041381836
15.022249221801758,15.065464973449707
14.68738842010498,15.29812240600586
14.31797981262207,14.907966613769531
15.341583251953125,14.473825454711914
14.727428436279297,15.048052787780762
15.156805038452148,15.283032417297363
14.91899299621582,15.418927192687988
15.135601043701172,14.692214012145996
14.568744659423828,14.52049732208252
14.406005859375,15.258317947387695
14.791828155517578,15.335044860839844
15.218101501464844,15.07103157043457
14.908941268920898,15.263045310974121
14.873921394348145,15.182207107543945
14.54334545135498,15.450586318969727
14.876054763793945,14.833257675170898
14.642036437988281,15.134127616882324
14.171026229858398,14.765198707580566
14.673894882202148,14.81439208984375
15.59445858001709,15.38535213470459
14.854644775390625,15.048449516296387
14.755271911621094,15.419052124023438
14.922901153564453,15.117955207824707
15.26142406463623,15.407203674316406
14.623988151550293,14.854175567626953
14.86618709564209,15.360029220581055
14.272503852844238,15.10543441772461
14.714582443237305,15.031336784362793
14.912403106689453,14.799583435058594
14.707674980163574,15.380443572998047
14.741020202636719,15.255989074707031
15.386384963989258,15.251280784606934
15.219830513000488,14.911535263061523
14.516854286193848,14.574691772460938
15.5072021484375,15.501419067382812
14.408872604370117,15.100314140319824
14.91120433807373,15.1426420211792
14.807450294494629,15.224642753601074
14.726552963256836,15.184701919555664
14.719717979431152,15.404313087463379
14.571512222290039,15.000349044799805
14.598569869995117,15.368132591247559
15.476738929748535,14.865134239196777
14.643182754516602,14.839533805847168
15.405426025390625,14.908767700195312
14.679027557373047,14.931184768676758
15.832443237304688,14.742729187011719
15.060430526733398,15.550467491149902
14.9161958694458,15.118376731872559
15.37185287475586,15.536264419555664
15.138086318969727,15.294073104858398
14.636970520019531,15.185290336608887
14.616941452026367,15.323880195617676
15.476892471313477,15.138011932373047
15.253454208374023,14.867974281311035
14.485542297363281,14.53849983215332
14.939678192138672,14.916984558105469
14.869033813476562,14.248680114746094
14.710685729980469,15.219858169555664
14.003393173217773,15.099626541137695
14.692831039428711,15.327165603637695
15.512200355529785,14.588942527770996
14.693902969360352,15.586965560913086
14.797694206237793,14.72390079498291
14.548165321350098,14.88992691040039
14.531608581542969,14.488570213317871
14.750591278076172,15.48747444152832
15.12580680847168,15.436986923217773
15.387147903442383,14.585915565490723
14.744671821594238,15.436298370361328
14.714903831481934,15.070755958557129
14.626005172729492,15.197620391845703
14.788117408752441,14.831367492675781
14.740036010742188,14.914029121398926
15.387002944946289,15.065074920654297
15.599578857421875,15.230828285217285
14.295793533325195,14.857224464416504
15.254382133483887,15.162309646606445
15.544368743896484,15.087532043457031
15.059659004211426,14.739349365234375
14.343582153320312,14.510366439819336
15.31296157836914,14.801126480102539
14.420958518981934,14.953639030456543
15.506841659545898,14.860065460205078
15.788010597229004,15.371278762817383
14.556923866271973,14.849159240722656
14.674741744995117,15.157617568969727
15.182372093200684,15.052423477172852
15.358989715576172,15.164003372192383
15.550893783569336,14.941466331481934
15.15810489654541,15.603073120117188
14.394067764282227,15.097599029541016
14.854677200317383,14.854345321655273
15.228106498718262,15.306875228881836
14.391857147216797,15.439831733703613
15.10599422454834,14.96978759765625
14.478412628173828,15.509599685668945
14.453086853027344,14.686601638793945
14.803934097290039,14.899413108825684
14.79789924621582,15.09223747253418
15.575756072998047,15.412660598754883
14.579654693603516,14.98929214477539
14.145282745361328,15.476614952087402
14.520208358764648,14.993640899658203
14.382342338562012,14.918325424194336
14.421794891357422,15.203339576721191
14.639229774475098,15.116765975952148
14.761655807495117,15.713836669921875
15.049810409545898,15.029155731201172
14.385648727416992,15.198380470275879
15.150983810424805,14.803295135498047
15.073081970214844,15.121228218078613
14.794776916503906,15.106695175170898
15.554571151733398,15.222145080566406
14.577740669250488,14.66878890991211
14.275215148925781,14.976518630981445
14.549834251403809,15.493858337402344
14.438407897949219,15.324576377868652
15.739437103271484,15.189138412475586
14.922615051269531,15.082097053527832
15.032562255859375,15.202047348022461
14.433457374572754,14.893393516540527
14.901394844055176,15.145143508911133
14.85154914855957,15.079233169555664
14.488667488098145,14.870402336120605
15.039405822753906,15.496469497680664
15.355829238891602,15.489824295043945
14.591232299804688,14.554832458496094
15.339020729064941,14.96875
15.216341972351074,15.534809112548828
14.67603874206543,14.801325798034668
14.440156936645508,15.232488632202148
15.068182945251465,15.668110847473145
14.826929092407227,14.834406852722168
14.332767486572266,14.905620574951172
14.79746150970459,15.229032516479492
15.19345474243164,14.270708084106445
14.308263778686523,14.790042877197266
15.032816886901855,15.285002708435059
16.36290168762207,14.353885650634766
14.560111045837402,15.523774147033691
15.31966781616211,15.062250137329102
14.913227081298828,15.108596801757812
14.931741714477539,15.27352237701416
15.910603523254395,14.818203926086426
14.75576400756836,16.12317657470703
14.984944343566895,15.783766746520996
15.122259140014648,16.922027587890625
14.19197940826416,15.15975570678711
14.637097358703613,14.351943969726562
16.186717987060547,15.220273971557617
15.417262077331543,15.06710147857666
14.367497444152832,15.02823257446289
14.806105613708496,14.754624366760254
14.63054370880127,15.498485565185547
14.831113815307617,14.982852935791016
14.613646507263184,15.493217468261719
14.704676628112793,15.088394165039062
14.843683242797852,14.577248573303223
14.479223251342773,15.285359382629395
15.561285018920898,14.999404907226562
15.497573852539062,15.118965148925781
14.181347846984863,15.267545700073242
15.05412769317627,15.719388961791992
15.273697853088379,15.013011932373047
15.462824821472168,14.489818572998047
14.756988525390625,15.594381332397461
15.001582145690918,15.180278778076172
14.128149032592773,15.019489288330078
14.540173530578613,15.683877944946289
14.906891822814941,15.480002403259277
14.977540016174316,14.910531044006348
14.705111503601074,15.295247077941895
14.524857521057129,14.915544509887695
15.420461654663086,15.065483093261719
14.50737190246582,15.35715103149414
15.186029434204102,14.914190292358398
16.143733978271484,15.426469802856445
14.831558227539062,15.223885536193848
14.931585311889648,15.554319381713867
14.545293807983398,15.66080093383789
15.203384399414062,15.32440185546875
14.802380561828613,15.006589889526367
14.059529304504395,15.306072235107422
15.192184448242188,15.15109920501709
14.766883850097656,14.96235179901123
14.344510078430176,15.268671035766602
14.13045597076416,14.836095809936523
14.568652153015137,15.6206636428833
14.88757038116455,15.09376335144043
14.710820198059082,15.082094192504883
15.318496704101562,14.476859092712402
14.596439361572266,15.141627311706543
15.145430564880371,14.735478401184082
15.026321411132812,14.507855415344238
15.220467567443848,15.348491668701172
14.746652603149414,15.045727729797363
14.340173721313477,14.53232192993164
14.53891372680664,15.09192180633545
14.23733901977539,15.573369979858398
15.531905174255371,14.81879997253418
15.229320526123047,14.947206497192383
14.75063705444336,14.582782745361328
14.540844917297363,15.084037780761719
14.93877124786377,15.10206413269043
15.07530403137207,15.31894588470459
15.072835922241211,15.378617286682129
15.336567878723145,15.487298965454102
14.099822998046875,14.961731910705566
15.088903427124023,15.610713958740234
14.97607421875,15.250423431396484
14.409599304199219,15.575878143310547
14.693950653076172,15.326489448547363
14.565923690795898,14.846062660217285
14.943733215332031,15.366912841796875
15.452325820922852,15.462307929992676
14.312714576721191,15.1889066696167
15.100300788879395,14.912712097167969
15.107222557067871,15.406797409057617
15.190168380737305,15.557708740234375
14.92603588104248,14.926380157470703
14.630489349365234,14.764190673828125
15.176977157592773,15.317222595214844
14.005239486694336,15.325223922729492
14.9365234375,14.393804550170898
14.521892547607422,15.220805168151855
14.583051681518555,14.704008102416992
15.563901901245117,15.24158000946045
14.465375900268555,14.744574546813965
15.205102920532227,14.16476821899414
14.46158504486084,15.318401336669922
14.54301643371582,14.818954467773438
14.870428085327148,15.655202865600586
14.5706787109375,15.638229370117188
14.764490127563477,15.002043724060059
14.37105655670166,15.019183158874512
15.00202751159668,15.11485481262207
15.650840759277344,15.046192169189453
14.843591690063477,14.64902114868164
14.865950584411621,15.429569244384766
16.018537521362305,15.492433547973633
15.092522621154785,15.579732894897461
14.432662963867188,15.569995880126953
14.10112190246582,15.047784805297852
14.424022674560547,15.518866539001465
15.371429443359375,15.256975173950195
16.11062240600586,15.34146499633789
15.35345458984375,15.293286323547363
15.084044456481934,15.01114273071289
14.703362464904785,16.005577087402344
15.134605407714844,15.095318794250488
14.65063190460205,14.564090728759766
15.319344520568848,15.086030960083008
14.921285629272461,14.769625663757324
15.079702377319336,15.216782569885254
14.666420936584473,14.87302017211914
14.525781631469727,14.913187026977539
14.186798095703125,15.355522155761719
15.172774314880371,14.87786865234375
14.522247314453125,14.76130485534668
14.834781646728516,14.778036117553711
14.86832046508789,14.599202156066895
14.658581733703613,15.52752685546875
14.393671035766602,14.33464527130127
15.20668888092041,15.400650024414062
15.471861839294434,15.073086738586426
14.795446395874023,15.324014663696289
14.812451362609863,15.079452514648438
14.324957847595215,15.213102340698242
14.417078971862793,15.664205551147461
14.526772499084473,14.905847549438477
15.22909164428711,14.823734283447266
16.03044891357422,15.692157745361328
14.110686302185059,14.729321479797363
15.414560317993164,15.10647201538086
14.773816108703613,14.824822425842285
14.180000305175781,15.634346008300781
14.1727294921875,15.648086547851562
15.116273880004883,15.0784330368042
14.410144805908203,14.899087905883789
14.520816802978516,14.985608100891113
14.78571891784668,15.465587615966797
14.500676155090332,15.022039413452148
15.01866340637207,15.202444076538086
14.491292953491211,15.73222541809082
15.684940338134766,15.056511878967285
15.166495323181152,14.973283767700195
14.907598495483398,15.344339370727539
14.924578666687012,14.993255615234375
15.553510665893555,14.517091751098633
14.321928024291992,14.864889144897461
17.250782012939453,14.96554183959961
14.705744743347168,14.717351913452148
14.944225311279297,14.948372840881348
15.47286605834961,15.131576538085938
14.678854942321777,14.424132347106934
14.765714645385742,14.761490821838379
14.885347366333008,15.28846549987793
17.385177612304688,14.681802749633789
14.746867179870605,14.994684219360352
14.889442443847656,14.846145629882812
14.659675598144531,15.16645622253418
14.763790130615234,15.336065292358398
14.965974807739258,15.661065101623535
15.259836196899414,15.726444244384766
14.611574172973633,14.833911895751953
14.81772232055664,14.913707733154297
14.832890510559082,14.630640029907227
14.840929985046387,15.678504943847656
14.761865615844727,14.841626167297363
14.990289688110352,14.363414764404297
15.225037574768066,15.054563522338867
15.0176420211792,16.00005531311035
15.388627052307129,14.957074165344238
14.402624130249023,15.055274963378906
15.143603324890137,15.383979797363281
14.962890625,15.303182601928711
14.104650497436523,15.622307777404785
14.653375625610352,14.971749305725098
